,activation,batch_size,epochs,learning_rate,neurons,optimizer,Mean,Std
0,tanh,10,5,0.001,8,rmsprop,0.7811890840530396,0.007948119739019415
1,tanh,10,5,0.001,8,adam,0.7875243624051412,0.015115086591019764
2,tanh,10,5,0.001,8,sgd,0.6145224372545878,0.09434325839778214
3,tanh,10,5,0.001,32,rmsprop,0.807992180188497,0.0076744700922366585
4,tanh,10,5,0.001,32,adam,0.8118908405303955,0.00993961802942948
5,tanh,10,5,0.001,32,sgd,0.5258284608523051,0.10500111134694126
6,tanh,10,5,0.001,64,rmsprop,0.8157894810040792,0.007261033344744523
7,tanh,10,5,0.001,64,adam,0.8118908405303955,0.007766772134775827
8,tanh,10,5,0.001,64,sgd,0.693469782670339,0.030813707689686432
9,tanh,10,5,0.01,8,rmsprop,0.8201754291852316,0.012576501764839288
10,tanh,10,5,0.01,8,adam,0.8162768085797628,0.008384323731605194
11,tanh,10,5,0.01,8,sgd,0.7417153914769491,0.026297755960091082
12,tanh,10,5,0.01,32,rmsprop,0.8114035129547119,0.0035811116940370675
13,tanh,10,5,0.01,32,adam,0.808966875076294,0.016118735129263474
14,tanh,10,5,0.01,32,sgd,0.7792397538820902,0.008607948219601261
15,tanh,10,5,0.01,64,rmsprop,0.8050682147343954,0.005641251995986249
16,tanh,10,5,0.01,64,adam,0.8123781681060791,0.0006891852668501392
17,tanh,10,5,0.01,64,sgd,0.7763157685597738,0.008607948219601261
18,tanh,10,5,0.1,8,rmsprop,0.8045808871587118,0.009272066629491777
19,tanh,10,5,0.1,8,adam,0.8192007740338644,0.007195328303329554
20,tanh,10,5,0.1,8,sgd,0.8026315768559774,0.006646283875270943
21,tanh,10,5,0.1,32,rmsprop,0.800682266553243,0.015209049207565545
22,tanh,10,5,0.1,32,adam,0.7982456286748251,0.013452415878011664
23,tanh,10,5,0.1,32,sgd,0.8128654758135477,0.007261045345913635
24,tanh,10,5,0.1,64,rmsprop,0.7314814726511637,0.08415715417428843
25,tanh,10,5,0.1,64,adam,0.7880116899808248,0.023054325908741007
26,tanh,10,5,0.1,64,sgd,0.8167641361554464,0.00776674720193665
27,tanh,10,5,0.2,8,rmsprop,0.711013654867808,0.0649045213041471
28,tanh,10,5,0.2,8,adam,0.8153021534283956,0.013148872825490715
29,tanh,10,5,0.2,8,sgd,0.8128654956817627,0.004303960612004785
30,tanh,10,5,0.2,32,rmsprop,0.7753411332766215,0.016118759156859168
31,tanh,10,5,0.2,32,adam,0.803118904431661,0.002484912300392609
32,tanh,10,5,0.2,32,sgd,0.8099415103594462,0.004774839925564425
33,tanh,10,5,0.2,64,rmsprop,0.6968810757001241,0.03185957039177885
34,tanh,10,5,0.2,64,adam,0.7037037213643392,0.05372129893637857
35,tanh,10,5,0.2,64,sgd,0.8118908405303955,0.008125420935437734
36,tanh,10,5,0.3,8,rmsprop,0.800682266553243,0.011716177634351375
37,tanh,10,5,0.3,8,adam,0.8104288578033447,0.006891852668501392
38,tanh,10,5,0.3,8,sgd,0.814814825852712,0.009272066629491777
39,tanh,10,5,0.3,32,rmsprop,0.6115984519322714,0.23679497959492282
40,tanh,10,5,0.3,32,adam,0.7880116899808248,0.021913591372663382
41,tanh,10,5,0.3,32,sgd,0.8104288379351298,0.0076744700922366585
42,tanh,10,5,0.3,64,rmsprop,0.7124756375948588,0.0893714781162655
43,tanh,10,5,0.3,64,adam,0.7860623995463053,0.01383535366332386
44,tanh,10,5,0.3,64,sgd,0.8094541827837626,0.006994494227205399
45,tanh,10,10,0.001,8,rmsprop,0.8075048724810282,0.011470355019840568
46,tanh,10,10,0.001,8,adam,0.8104288379351298,0.009117090666699395
47,tanh,10,10,0.001,8,sgd,0.5121832390626272,0.1362937720184412
48,tanh,10,10,0.001,32,rmsprop,0.8162768085797628,0.0060082004245275026
49,tanh,10,10,0.001,32,adam,0.8192007740338644,0.010152357732827076
50,tanh,10,10,0.001,32,sgd,0.6208576957384745,0.08213490889268549
51,tanh,10,10,0.001,64,rmsprop,0.8187134464581808,0.010199036207605027
52,tanh,10,10,0.001,64,adam,0.8211501042048136,0.009038607890230959
53,tanh,10,10,0.001,64,sgd,0.6885964870452881,0.023239017271447254
54,tanh,10,10,0.01,8,rmsprop,0.8099415302276611,0.0023874077960247117
55,tanh,10,10,0.01,8,adam,0.8216374317804972,0.007261045345913635
56,tanh,10,10,0.01,8,sgd,0.792397677898407,0.003158243653189103
57,tanh,10,10,0.01,32,rmsprop,0.8201754490534464,0.007827665903204698
58,tanh,10,10,0.01,32,adam,0.8177387913068136,0.008468876638991856
59,tanh,10,10,0.01,32,sgd,0.7919103304545084,0.007195328303329554
60,tanh,10,10,0.01,64,rmsprop,0.8001949191093445,0.010765466581271173
61,tanh,10,10,0.01,64,adam,0.8153021534283956,0.0061256331895375785
62,tanh,10,10,0.01,64,sgd,0.7928849856058756,0.005641251995986248
63,tanh,10,10,0.1,8,rmsprop,0.8196881214777628,0.009038607890230959
64,tanh,10,10,0.1,8,adam,0.8075048724810282,0.007293672533379
65,tanh,10,10,0.1,8,sgd,0.8133528232574463,0.010152378714338293
66,tanh,10,10,0.1,32,rmsprop,0.7884990374247233,0.020960825496407834
67,tanh,10,10,0.1,32,adam,0.8060428897539774,0.006008203647564595
68,tanh,10,10,0.1,32,sgd,0.8162768085797628,0.008959436566950817
69,tanh,10,10,0.1,64,rmsprop,0.8075048724810282,0.0030041114929739744
70,tanh,10,10,0.1,64,adam,0.7729044755299886,0.012424518640305204
71,tanh,10,10,0.1,64,sgd,0.81725146373113,0.006646283875270943
72,tanh,10,10,0.2,8,rmsprop,0.7860623598098755,0.0325016265441153
73,tanh,10,10,0.2,8,adam,0.8109161853790283,0.020858611881169428
74,tanh,10,10,0.2,8,sgd,0.8157894810040792,0.010609899699563224
75,tanh,10,10,0.2,32,rmsprop,0.7953216433525085,0.022774515796011658
76,tanh,10,10,0.2,32,adam,0.7729044755299886,0.028206223936516287
77,tanh,10,10,0.2,32,sgd,0.8094541827837626,0.01589620049567602
78,tanh,10,10,0.2,64,rmsprop,0.7592592636744181,0.02030473930826113
79,tanh,10,10,0.2,64,adam,0.8114035129547119,0.004303960612004785
80,tanh,10,10,0.2,64,sgd,0.8118908405303955,0.009574516258814862
81,tanh,10,10,0.3,8,rmsprop,0.7875243624051412,0.04059195414879528
82,tanh,10,10,0.3,8,adam,0.7821637590726217,0.013557925761237967
83,tanh,10,10,0.3,8,sgd,0.8162767887115479,0.01083144495017153
84,tanh,10,10,0.3,32,rmsprop,0.7816764116287231,0.009648641903731324
85,tanh,10,10,0.3,32,adam,0.7041910290718079,0.1310599183169078
86,tanh,10,10,0.3,32,sgd,0.8060428698857626,0.009648619826813806
87,tanh,10,10,0.3,64,rmsprop,0.7046783566474915,0.074096526403284
88,tanh,10,10,0.3,64,adam,0.719298243522644,0.06407225167959851
89,tanh,10,10,0.3,64,sgd,0.814814825852712,0.008468876638991856
90,tanh,10,20,0.001,8,rmsprop,0.8133528232574463,0.0045192900192244576
91,tanh,10,20,0.001,8,adam,0.8177387913068136,0.0065744334672970875
92,tanh,10,20,0.001,8,sgd,0.5877193013827006,0.10081008303108263
93,tanh,10,20,0.001,32,rmsprop,0.8187134464581808,0.010940530040064352
94,tanh,10,20,0.001,32,adam,0.81725146373113,0.007827665903204698
95,tanh,10,20,0.001,32,sgd,0.7368420958518982,0.021913574140775074
96,tanh,10,20,0.001,64,rmsprop,0.8167641361554464,0.011091414260787592
97,tanh,10,20,0.001,64,adam,0.8133528431256613,0.00612563951203435
98,tanh,10,20,0.001,64,sgd,0.7256335218747457,0.018505692271862394
99,tanh,10,20,0.01,8,rmsprop,0.8148148059844971,0.008959457100031057
100,tanh,10,20,0.01,8,adam,0.8123781482378641,0.0065744334672970875
101,tanh,10,20,0.01,8,sgd,0.8026315768559774,0.007162247721582247
102,tanh,10,20,0.01,32,rmsprop,0.806530217329661,0.0018234393733773278
103,tanh,10,20,0.01,32,adam,0.8172514835993449,0.007261045345913635
104,tanh,10,20,0.01,32,sgd,0.806530217329661,0.003837248924082199
105,tanh,10,20,0.01,64,rmsprop,0.8192007939020792,0.009939598547034991
106,tanh,10,20,0.01,64,adam,0.8177388111750284,0.006574436412745357
107,tanh,10,20,0.01,64,sgd,0.8094542026519775,0.0018234128233351554
108,tanh,10,20,0.1,8,rmsprop,0.8065301974614462,0.0076744700922366585
109,tanh,10,20,0.1,8,adam,0.8128654956817627,0.0035811116940370675
110,tanh,10,20,0.1,8,sgd,0.8114035129547119,0.00782768816813859
111,tanh,10,20,0.1,32,rmsprop,0.8026315768559774,0.01074335941561472
112,tanh,10,20,0.1,32,adam,0.7982456088066101,0.01376651345290622
113,tanh,10,20,0.1,32,sgd,0.8192007939020792,0.009117090666699395
114,tanh,10,20,0.1,64,rmsprop,0.7855750322341919,0.011956966079523791
115,tanh,10,20,0.1,64,adam,0.7894736727078756,0.02526605039467336
116,tanh,10,20,0.1,64,sgd,0.8167641361554464,0.004969805118273877
117,tanh,10,20,0.2,8,rmsprop,0.805555542310079,0.004135139698999843
118,tanh,10,20,0.2,8,adam,0.8187134464581808,0.010609927076888936
119,tanh,10,20,0.2,8,sgd,0.8148148059844971,0.009648641903731324
120,tanh,10,20,0.2,32,rmsprop,0.6759259502092997,0.07015851577109097
121,tanh,10,20,0.2,32,adam,0.7353801131248474,0.11170585182310329
122,tanh,10,20,0.2,32,sgd,0.8201754490534464,0.010406497232325682
123,tanh,10,20,0.2,64,rmsprop,0.7100389997164408,0.10744260652395435
124,tanh,10,20,0.2,64,adam,0.7680311997731527,0.05410456040338791
125,tanh,10,20,0.2,64,sgd,0.8153021534283956,0.012075557521974381
126,tanh,10,20,0.3,8,rmsprop,0.7095516721407572,0.1504751481578924
127,tanh,10,20,0.3,8,adam,0.7826510667800903,0.02040974450485718
128,tanh,10,20,0.3,8,sgd,0.8221247593561808,0.009648621833800957
129,tanh,10,20,0.3,32,rmsprop,0.7314814925193787,0.039542807028772234
130,tanh,10,20,0.3,32,adam,0.7485380172729492,0.06295045635053874
131,tanh,10,20,0.3,32,sgd,0.8084795276323954,0.010940503490033776
132,tanh,10,20,0.3,64,rmsprop,0.7178362607955933,0.12923514798744162
133,tanh,10,20,0.3,64,adam,0.6988304058710734,0.08339742561132582
134,tanh,10,20,0.3,64,sgd,0.8128654956817627,0.0054702384700054665
135,tanh,20,5,0.001,8,rmsprop,0.766569197177887,0.02820625139815396
136,tanh,20,5,0.001,8,adam,0.7992202838261923,0.013148872825490715
137,tanh,20,5,0.001,8,sgd,0.5706627666950226,0.0737237849005793
138,tanh,20,5,0.001,32,rmsprop,0.7972709735234579,0.006994494227205399
139,tanh,20,5,0.001,32,adam,0.788986345132192,0.004824322958868467
140,tanh,20,5,0.001,32,sgd,0.4527290463447571,0.039955069686601695
141,tanh,20,5,0.001,64,rmsprop,0.8084795276323954,0.009012292579138007
142,tanh,20,5,0.001,64,adam,0.8036062320073446,0.004192173413990857
143,tanh,20,5,0.001,64,sgd,0.5765107075373331,0.08352831190799435
144,tanh,20,5,0.01,8,rmsprop,0.8177388111750284,0.0076744700922366585
145,tanh,20,5,0.01,8,adam,0.8143274982770284,0.0059685438235726465
146,tanh,20,5,0.01,8,sgd,0.735867460568746,0.04834642019327179
147,tanh,20,5,0.01,32,rmsprop,0.8114035129547119,0.012462678859941559
148,tanh,20,5,0.01,32,adam,0.8123781482378641,0.005888429454373776
149,tanh,20,5,0.01,32,sgd,0.7422027190526327,0.012075557521974383
150,tanh,20,5,0.01,64,rmsprop,0.8177387913068136,0.009722210371135959
151,tanh,20,5,0.01,64,adam,0.8177387913068136,0.007195328303329554
152,tanh,20,5,0.01,64,sgd,0.750000019868215,0.01806409179676851
153,tanh,20,5,0.1,8,rmsprop,0.8001949389775594,0.010429292479060473
154,tanh,20,5,0.1,8,adam,0.8148148059844971,0.01383534596521609
155,tanh,20,5,0.1,8,sgd,0.805555542310079,0.013766519782855783
156,tanh,20,5,0.1,32,rmsprop,0.8094542026519775,0.025303615858166623
157,tanh,20,5,0.1,32,adam,0.7855750521024069,0.025331761042332198
158,tanh,20,5,0.1,32,sgd,0.8094541827837626,0.005382734190041619
159,tanh,20,5,0.1,64,rmsprop,0.7631578842798868,0.04016257177948038
160,tanh,20,5,0.1,64,adam,0.8079922199249268,0.002484892817922509
161,tanh,20,5,0.1,64,sgd,0.8070175647735596,0.0020675558005504176
162,tanh,20,5,0.2,8,rmsprop,0.7811890840530396,0.025219004510671543
163,tanh,20,5,0.2,8,adam,0.800682266553243,0.02632483386781345
164,tanh,20,5,0.2,8,sgd,0.8099415302276611,0.003158243653189103
165,tanh,20,5,0.2,32,rmsprop,0.7690058350563049,0.028071180874748886
166,tanh,20,5,0.2,32,adam,0.7884990175565084,0.012651811755574574
167,tanh,20,5,0.2,32,sgd,0.8079922000567118,0.010011022307287504
168,tanh,20,5,0.2,64,rmsprop,0.7909356753031412,0.041506063789281754
169,tanh,20,5,0.2,64,adam,0.7597465912501017,0.030674663936360598
170,tanh,20,5,0.2,64,sgd,0.8143274784088135,0.007454725211510026
171,tanh,20,5,0.3,8,rmsprop,0.79483429590861,0.0072936778433653985
172,tanh,20,5,0.3,8,adam,0.8153021335601807,0.013988978764428686
173,tanh,20,5,0.3,8,sgd,0.806530217329661,0.012875098946064947
174,tanh,20,5,0.3,32,rmsprop,0.7280701796213785,0.03327427333593087
175,tanh,20,5,0.3,32,adam,0.7568226059277853,0.033643402811182894
176,tanh,20,5,0.3,32,sgd,0.8084795077641805,0.014472946799650938
177,tanh,20,5,0.3,64,rmsprop,0.7236841917037964,0.07799403367728668
178,tanh,20,5,0.3,64,adam,0.7821637392044067,0.019723322492805912
179,tanh,20,5,0.3,64,sgd,0.8094542026519775,0.010765466581271173
180,tanh,20,10,0.001,8,rmsprop,0.7821637392044067,0.015240238801307966
181,tanh,20,10,0.001,8,adam,0.8070175449053446,0.01876060213496335
182,tanh,20,10,0.001,8,sgd,0.5472709536552429,0.0758388599097178
183,tanh,20,10,0.001,32,rmsprop,0.8099415302276611,0.010199058991760462
184,tanh,20,10,0.001,32,adam,0.81725146373113,0.00631650570080664
185,tanh,20,10,0.001,32,sgd,0.48927875359853107,0.06339405052360694
186,tanh,20,10,0.001,64,rmsprop,0.8182261188824972,0.007195330994611118
187,tanh,20,10,0.001,64,adam,0.82066277662913,0.008635494673036273
188,tanh,20,10,0.001,64,sgd,0.6749512751897176,0.08452881846315038
189,tanh,20,10,0.01,8,rmsprop,0.8167641361554464,0.005382732391266073
190,tanh,20,10,0.01,8,adam,0.8118908405303955,0.013937957381534818
191,tanh,20,10,0.01,8,sgd,0.7621832291285197,0.022021673588738428
192,tanh,20,10,0.01,32,rmsprop,0.8128654956817627,0.010940524730048959
193,tanh,20,10,0.01,32,adam,0.8201754490534464,0.010609899699563222
194,tanh,20,10,0.01,32,sgd,0.7690058350563049,0.011387257898005829
195,tanh,20,10,0.01,64,rmsprop,0.8084795276323954,0.011511691260391949
196,tanh,20,10,0.01,64,adam,0.8148148059844971,0.007948119739019415
197,tanh,20,10,0.01,64,sgd,0.7831383943557739,0.010291778740605684
198,tanh,20,10,0.1,8,rmsprop,0.8123781681060791,0.0045192900192244576
199,tanh,20,10,0.1,8,adam,0.8167641361554464,0.013148872825490715
200,tanh,20,10,0.1,8,sgd,0.8109161853790283,0.0018234128233351554
201,tanh,20,10,0.1,32,rmsprop,0.7246588667233785,0.10234150750551976
202,tanh,20,10,0.1,32,adam,0.7967836260795593,0.024376205608697223
203,tanh,20,10,0.1,32,sgd,0.81725146373113,0.008355955095795264
204,tanh,20,10,0.1,64,rmsprop,0.8153021534283956,0.007766747201936649
205,tanh,20,10,0.1,64,adam,0.8157894810040792,0.010337835198550104
206,tanh,20,10,0.1,64,sgd,0.8114035129547119,0.008607968466296793
207,tanh,20,10,0.2,8,rmsprop,0.780701756477356,0.03165016839383782
208,tanh,20,10,0.2,8,adam,0.8084795276323954,0.010609899699563224
209,tanh,20,10,0.2,8,sgd,0.808966855208079,0.0067877147949432755
210,tanh,20,10,0.2,32,rmsprop,0.7041910290718079,0.03282881178070996
211,tanh,20,10,0.2,32,adam,0.7943469882011414,0.010291778740605684
212,tanh,20,10,0.2,32,sgd,0.8157894810040792,0.015518206828378468
213,tanh,20,10,0.2,64,rmsprop,0.7816764116287231,0.009648641903731324
214,tanh,20,10,0.2,64,adam,0.7378167708714803,0.016294587748489242
215,tanh,20,10,0.2,64,sgd,0.8099415103594462,0.01490941145822649
216,tanh,20,10,0.3,8,rmsprop,0.7753411332766215,0.040168484756567736
217,tanh,20,10,0.3,8,adam,0.7962962985038757,0.015533495650486713
218,tanh,20,10,0.3,8,sgd,0.8050682346026102,0.013731992490208777
219,tanh,20,10,0.3,32,rmsprop,0.7490253448486328,0.049884068507010576
220,tanh,20,10,0.3,32,adam,0.7850877046585083,0.008607968466296793
221,tanh,20,10,0.3,32,sgd,0.8128654956817627,0.008355975953075157
222,tanh,20,10,0.3,64,rmsprop,0.7538986206054688,0.038797053040037346
223,tanh,20,10,0.3,64,adam,0.7865497271219889,0.0427240846090458
224,tanh,20,10,0.3,64,sgd,0.8143274784088135,0.010199058991760462
225,tanh,20,20,0.001,8,rmsprop,0.8157894810040792,0.007827662192393036
226,tanh,20,20,0.001,8,adam,0.8133528232574463,0.008798974681237755
227,tanh,20,20,0.001,8,sgd,0.6832358638445536,0.08016830236671064
228,tanh,20,20,0.001,32,rmsprop,0.82066277662913,0.004824322958868467
229,tanh,20,20,0.001,32,adam,0.8182261188824972,0.011470355019840568
230,tanh,20,20,0.001,32,sgd,0.68274853626887,0.02897049680723883
231,tanh,20,20,0.001,64,rmsprop,0.817251443862915,0.009770935075347523
232,tanh,20,20,0.001,64,adam,0.8138401508331299,0.005888401501185252
233,tanh,20,20,0.001,64,sgd,0.662768026192983,0.03163515194785893
234,tanh,20,20,0.01,8,rmsprop,0.82066277662913,0.006008203647564595
235,tanh,20,20,0.01,8,adam,0.8123781681060791,0.004969785635845018
236,tanh,20,20,0.01,8,sgd,0.8031189242998759,0.010291757102500503
237,tanh,20,20,0.01,32,rmsprop,0.8133528232574463,0.0045192900192244576
238,tanh,20,20,0.01,32,adam,0.8148148059844971,0.010152381575439497
239,tanh,20,20,0.01,32,sgd,0.7870370348294576,0.006994494227205399
240,tanh,20,20,0.01,64,rmsprop,0.8114035129547119,0.011387257898005829
241,tanh,20,20,0.01,64,adam,0.8118908206621805,0.007948099029643794
242,tanh,20,20,0.01,64,sgd,0.7982456088066101,0.003158243653189103
243,tanh,20,20,0.1,8,rmsprop,0.8143274784088135,0.01060991886369492
244,tanh,20,20,0.1,8,adam,0.8133528431256613,0.00794810024783801
245,tanh,20,20,0.1,8,sgd,0.8201754490534464,0.010406497232325682
246,tanh,20,20,0.1,32,rmsprop,0.8070175449053446,0.004774839925564425
247,tanh,20,20,0.1,32,adam,0.8133528232574463,0.005641224534345441
248,tanh,20,20,0.1,32,sgd,0.8157894810040792,0.013557925761237967
249,tanh,20,20,0.1,64,rmsprop,0.8143274784088135,0.01376651345290622
250,tanh,20,20,0.1,64,adam,0.8036062320073446,0.00776674720193665
251,tanh,20,20,0.1,64,sgd,0.81725146373113,0.010199036207605027
252,tanh,20,20,0.2,8,rmsprop,0.7880116899808248,0.022364136669718187
253,tanh,20,20,0.2,8,adam,0.7987329363822937,0.018544160409495622
254,tanh,20,20,0.2,8,sgd,0.8167641162872314,0.009648641903731324
255,tanh,20,20,0.2,32,rmsprop,0.7690058549245199,0.04792706127401778
256,tanh,20,20,0.2,32,adam,0.7928849856058756,0.02738601372125806
257,tanh,20,20,0.2,32,sgd,0.8084795276323954,0.009012289356096591
258,tanh,20,20,0.2,64,rmsprop,0.7012670437494913,0.042879458971465875
259,tanh,20,20,0.2,64,adam,0.7884990175565084,0.018735268306902385
260,tanh,20,20,0.2,64,sgd,0.8118908405303955,0.010152381575439497
261,tanh,20,20,0.3,8,rmsprop,0.7768031160036722,0.009648621833800957
262,tanh,20,20,0.3,8,adam,0.8109161655108134,0.009272066629491777
263,tanh,20,20,0.3,8,sgd,0.8157894810040792,0.009323181563104667
264,tanh,20,20,0.3,32,rmsprop,0.6588693857192993,0.026913642169598108
265,tanh,20,20,0.3,32,adam,0.7534113128980001,0.05220113434310702
266,tanh,20,20,0.3,32,sgd,0.8099415302276611,0.014073608870003007
267,tanh,20,20,0.3,64,rmsprop,0.6983430584271749,0.07945412310913431
268,tanh,20,20,0.3,64,adam,0.8021442492802938,0.02169573136802875
269,tanh,20,20,0.3,64,sgd,0.8045809070269266,0.01393796224427648
270,tanh,50,5,0.001,8,rmsprop,0.7295321623484293,0.02897048577815277
271,tanh,50,5,0.001,8,adam,0.6895711620648702,0.017718972574041578
272,tanh,50,5,0.001,8,sgd,0.5594541927178701,0.0814642241381651
273,tanh,50,5,0.001,32,rmsprop,0.7753411332766215,0.02002206008929794
274,tanh,50,5,0.001,32,adam,0.7582845886548361,0.03679902723735177
275,tanh,50,5,0.001,32,sgd,0.5886939565340678,0.05518670534587397
276,tanh,50,5,0.001,64,rmsprop,0.7933723131815592,0.006787707662694506
277,tanh,50,5,0.001,64,adam,0.7709551652272543,0.018582530676932926
278,tanh,50,5,0.001,64,sgd,0.4995126624902089,0.016937750991398586
279,tanh,50,5,0.01,8,rmsprop,0.8153021335601807,0.003646825646670311
280,tanh,50,5,0.01,8,adam,0.8075048724810282,0.0076744700922366585
281,tanh,50,5,0.01,8,sgd,0.48879142105579376,0.1973930856900355
282,tanh,50,5,0.01,32,rmsprop,0.8196881214777628,0.010429292479060473
283,tanh,50,5,0.01,32,adam,0.8114035129547119,0.012633020598748265
284,tanh,50,5,0.01,32,sgd,0.6076998114585876,0.09858278558254971
285,tanh,50,5,0.01,64,rmsprop,0.8133528431256613,0.00812540186956574
286,tanh,50,5,0.01,64,adam,0.8167641361554464,0.007581066033250539
287,tanh,50,5,0.01,64,sgd,0.6564327478408813,0.05953003363241919
288,tanh,50,5,0.1,8,rmsprop,0.7997076114018759,0.006646283875270943
289,tanh,50,5,0.1,8,adam,0.8157894810040792,0.008355951619592634
290,tanh,50,5,0.1,8,sgd,0.780701756477356,0.0020675558005504176
291,tanh,50,5,0.1,32,rmsprop,0.8114035129547119,0.01376651345290622
292,tanh,50,5,0.1,32,adam,0.8021442492802938,0.016468555063445463
293,tanh,50,5,0.1,32,sgd,0.7870370348294576,0.004969812911192264
294,tanh,50,5,0.1,64,rmsprop,0.7582845886548361,0.040380767373666235
295,tanh,50,5,0.1,64,adam,0.811403493086497,0.00520326257237974
296,tanh,50,5,0.1,64,sgd,0.7875243822733561,0.00612563951203435
297,tanh,50,5,0.2,8,rmsprop,0.7514620025952657,0.056205813189485414
298,tanh,50,5,0.2,8,adam,0.8114035129547119,0.009012315140483243
299,tanh,50,5,0.2,8,sgd,0.8050682346026102,0.0018234393733773278
300,tanh,50,5,0.2,32,rmsprop,0.5657894810040792,0.10751330904815733
301,tanh,50,5,0.2,32,adam,0.8094541827837626,0.00612563951203435
302,tanh,50,5,0.2,32,sgd,0.8016569217046102,0.004519307158837015
303,tanh,50,5,0.2,64,rmsprop,0.6890838146209717,0.032347832550829445
304,tanh,50,5,0.2,64,adam,0.803118904431661,0.025219007582125936
305,tanh,50,5,0.2,64,sgd,0.8045809070269266,0.006574436412745357
306,tanh,50,5,0.3,8,rmsprop,0.6885964870452881,0.08975069130159022
307,tanh,50,5,0.3,8,adam,0.8016569217046102,0.004192175723610567
308,tanh,50,5,0.3,8,sgd,0.7977582812309265,0.012016404072059679
309,tanh,50,5,0.3,32,rmsprop,0.7334307829538981,0.07829791933803584
310,tanh,50,5,0.3,32,adam,0.8133528431256613,0.006891880766400399
311,tanh,50,5,0.3,32,sgd,0.8099415302276611,0.0062026674016512524
312,tanh,50,5,0.3,64,rmsprop,0.7207602262496948,0.06721968663809032
313,tanh,50,5,0.3,64,adam,0.8075048526128134,0.00794810024783801
314,tanh,50,5,0.3,64,sgd,0.8094541827837626,0.007766748448575426
315,tanh,50,10,0.001,8,rmsprop,0.780701756477356,0.01671190323916165
316,tanh,50,10,0.001,8,adam,0.6700779696305593,0.1348010000315445
317,tanh,50,10,0.001,8,sgd,0.48440544803937274,0.037792387957657006
318,tanh,50,10,0.001,32,rmsprop,0.7870370348294576,0.004192175723610567
319,tanh,50,10,0.001,32,adam,0.7982456088066101,0.00782768816813859
320,tanh,50,10,0.001,32,sgd,0.5550682147343954,0.07589519471623796
321,tanh,50,10,0.001,64,rmsprop,0.8026315967241923,0.008355955095795264
322,tanh,50,10,0.001,64,adam,0.8036062320073446,0.0067877147949432755
323,tanh,50,10,0.001,64,sgd,0.5092592636744181,0.09072446595458372
324,tanh,50,10,0.01,8,rmsprop,0.8143274784088135,0.009474776945562511
325,tanh,50,10,0.01,8,adam,0.817251443862915,0.011937087647112224
326,tanh,50,10,0.01,8,sgd,0.727582852045695,0.0406095024591374
327,tanh,50,10,0.01,32,rmsprop,0.8075048724810282,0.009722182485832613
328,tanh,50,10,0.01,32,adam,0.8187134663263956,0.009323153522841915
329,tanh,50,10,0.01,32,sgd,0.7080896695454916,0.016895640659580397
330,tanh,50,10,0.01,64,rmsprop,0.8060428897539774,0.0067877147949432755
331,tanh,50,10,0.01,64,adam,0.8128654956817627,0.01060991886369492
332,tanh,50,10,0.01,64,sgd,0.695906420548757,0.0681460198645593
333,tanh,50,10,0.1,8,rmsprop,0.8036062320073446,0.008635494673036273
334,tanh,50,10,0.1,8,adam,0.8138401508331299,0.009117111906714576
335,tanh,50,10,0.1,8,sgd,0.8031189242998759,0.004519317871007263
336,tanh,50,10,0.1,32,rmsprop,0.806530217329661,0.0060082004245275026
337,tanh,50,10,0.1,32,adam,0.8182261188824972,0.010152356779124525
338,tanh,50,10,0.1,32,sgd,0.8045808871587118,0.002756769165299564
339,tanh,50,10,0.1,64,rmsprop,0.772417147954305,0.046021043107374086
340,tanh,50,10,0.1,64,adam,0.8104288578033447,0.013202938761112556
341,tanh,50,10,0.1,64,sgd,0.8075048724810282,0.004519317871007262
342,tanh,50,10,0.2,8,rmsprop,0.804093579451243,0.007454705729113245
343,tanh,50,10,0.2,8,adam,0.8050682147343954,0.010765443197090345
344,tanh,50,10,0.2,8,sgd,0.8094541827837626,0.0056412434142597235
345,tanh,50,10,0.2,32,rmsprop,0.6262183288733164,0.13325943761049228
346,tanh,50,10,0.2,32,adam,0.7962962786356608,0.030721081777843065
347,tanh,50,10,0.2,32,sgd,0.8104288578033447,0.01159393831948959
348,tanh,50,10,0.2,64,rmsprop,0.7295321623484293,0.0480903054618585
349,tanh,50,10,0.2,64,adam,0.7602339188257853,0.04512469005245123
350,tanh,50,10,0.2,64,sgd,0.81725146373113,0.007827662192393036
351,tanh,50,10,0.3,8,rmsprop,0.7397661010424296,0.042489993664618315
352,tanh,50,10,0.3,8,adam,0.8075048724810282,0.0030041114929739744
353,tanh,50,10,0.3,8,sgd,0.8123781681060791,0.008384349137554661
354,tanh,50,10,0.3,32,rmsprop,0.6232943534851074,0.1866630924663129
355,tanh,50,10,0.3,32,adam,0.7733918031056722,0.022774492838421315
356,tanh,50,10,0.3,32,sgd,0.8114035129547119,0.006316487306378206
357,tanh,50,10,0.3,64,rmsprop,0.7363547881444296,0.06444183141025038
358,tanh,50,10,0.3,64,adam,0.79483429590861,0.004969812911192264
359,tanh,50,10,0.3,64,sgd,0.8084795276323954,0.00631650570080664
360,tanh,50,20,0.001,8,rmsprop,0.7821637392044067,0.009549679851087513
361,tanh,50,20,0.001,8,adam,0.7884990175565084,0.0041921757236105675
362,tanh,50,20,0.001,8,sgd,0.41325536370277405,0.05670220125200573
363,tanh,50,20,0.001,32,rmsprop,0.8109161853790283,0.0045192900192244576
364,tanh,50,20,0.001,32,adam,0.8148148059844971,0.005641224534345441
365,tanh,50,20,0.001,32,sgd,0.39181286096572876,0.09098062719560104
366,tanh,50,20,0.001,64,rmsprop,0.8148148059844971,0.005513482134801114
367,tanh,50,20,0.001,64,adam,0.8182261188824972,0.010152356779124525
368,tanh,50,20,0.001,64,sgd,0.6330409248669943,0.06000685934050224
369,tanh,50,20,0.01,8,rmsprop,0.8162768085797628,0.010699088588958886
370,tanh,50,20,0.01,8,adam,0.8182260990142822,0.011345470011048884
371,tanh,50,20,0.01,8,sgd,0.7305068174997965,0.02815568134521914
372,tanh,50,20,0.01,32,rmsprop,0.8153021335601807,0.011345470011048884
373,tanh,50,20,0.01,32,adam,0.8182261188824972,0.008959432244209637
374,tanh,50,20,0.01,32,sgd,0.7714424928029379,0.012192987634651807
375,tanh,50,20,0.01,64,rmsprop,0.8128654956817627,0.014324495443136936
376,tanh,50,20,0.01,64,adam,0.8143274982770284,0.008355955095795264
377,tanh,50,20,0.01,64,sgd,0.778265098730723,0.017394323758531817
378,tanh,50,20,0.1,8,rmsprop,0.8045808871587118,0.011026992367501235
379,tanh,50,20,0.1,8,adam,0.8148148059844971,0.0045192900192244576
380,tanh,50,20,0.1,8,sgd,0.81725146373113,0.004303980858740002
381,tanh,50,20,0.1,32,rmsprop,0.7958089709281921,0.002484892817922509
382,tanh,50,20,0.1,32,adam,0.8192007740338644,0.0041921757236105675
383,tanh,50,20,0.1,32,sgd,0.8133528033892313,0.0076744700922366585
384,tanh,50,20,0.1,64,rmsprop,0.7504873474438986,0.009038607890230959
385,tanh,50,20,0.1,64,adam,0.8104288379351298,0.00776674720193665
386,tanh,50,20,0.1,64,sgd,0.8099415302276611,0.009474776945562511
387,tanh,50,20,0.2,8,rmsprop,0.7841130693753561,0.02800342118489363
388,tanh,50,20,0.2,8,adam,0.8104288578033447,0.003004088931576869
389,tanh,50,20,0.2,8,sgd,0.8157894810040792,0.005470259710051575
390,tanh,50,20,0.2,32,rmsprop,0.7884990374247233,0.021431408482193916
391,tanh,50,20,0.2,32,adam,0.8084795276323954,0.005470259710051576
392,tanh,50,20,0.2,32,sgd,0.8192007740338644,0.008384323731605194
393,tanh,50,20,0.2,64,rmsprop,0.7236841917037964,0.05408698712462574
394,tanh,50,20,0.2,64,adam,0.7846003770828247,0.052717254149000914
395,tanh,50,20,0.2,64,sgd,0.814814825852712,0.00612563951203435
396,tanh,50,20,0.3,8,rmsprop,0.7592592636744181,0.08536754176777785
397,tanh,50,20,0.3,8,adam,0.814814825852712,0.006787707662694506
398,tanh,50,20,0.3,8,sgd,0.818226138750712,0.009038607890230959
399,tanh,50,20,0.3,32,rmsprop,0.7704678177833557,0.026878322669113792
400,tanh,50,20,0.3,32,adam,0.8065301974614462,0.015348940184473317
401,tanh,50,20,0.3,32,sgd,0.8079922000567118,0.0041921757236105675
402,tanh,50,20,0.3,64,rmsprop,0.7816764116287231,0.02686064550305725
403,tanh,50,20,0.3,64,adam,0.7397661010424296,0.015609759804705258
404,tanh,50,20,0.3,64,sgd,0.8192007939020792,0.008635494673036273
405,relu,10,5,0.001,8,rmsprop,0.7690058549245199,0.028223079598699456
406,relu,10,5,0.001,8,adam,0.7714424729347229,0.0018234128233351554
407,relu,10,5,0.001,8,sgd,0.48391812046368915,0.06258720398114594
408,relu,10,5,0.001,32,rmsprop,0.7958089709281921,0.0045192900192244576
409,relu,10,5,0.001,32,adam,0.8079922000567118,0.007195328303329554
410,relu,10,5,0.001,32,sgd,0.5063352783521017,0.11969470579627772
411,relu,10,5,0.001,64,rmsprop,0.808966855208079,0.008125393528275186
412,relu,10,5,0.001,64,adam,0.8118908405303955,0.008384349137554661
413,relu,10,5,0.001,64,sgd,0.5199805001417795,0.10644996275533036
414,relu,10,5,0.01,8,rmsprop,0.8114035129547119,0.008355975953075157
415,relu,10,5,0.01,8,adam,0.8099415103594462,0.005470259710051576
416,relu,10,5,0.01,8,sgd,0.702729066212972,0.03136372159693142
417,relu,10,5,0.01,32,rmsprop,0.8128654758135477,0.015518206828378468
418,relu,10,5,0.01,32,adam,0.8094541827837626,0.008468876638991856
419,relu,10,5,0.01,32,sgd,0.7626705765724182,0.03452136303061116
420,relu,10,5,0.01,64,rmsprop,0.8114035129547119,0.004774815592049423
421,relu,10,5,0.01,64,adam,0.8162768085797628,0.007766748448575426
422,relu,10,5,0.01,64,sgd,0.7621832291285197,0.0067877147949432755
423,relu,10,5,0.1,8,rmsprop,0.8148148059844971,0.009574516258814862
424,relu,10,5,0.1,8,adam,0.805555542310079,0.008270251300100678
425,relu,10,5,0.1,8,sgd,0.8143274784088135,0.012114819374766961
426,relu,10,5,0.1,32,rmsprop,0.8040935595830282,0.01658352059314902
427,relu,10,5,0.1,32,adam,0.8016569018363953,0.013202938761112556
428,relu,10,5,0.1,32,sgd,0.8118908405303955,0.003646825646670311
429,relu,10,5,0.1,64,rmsprop,0.7943469683329264,0.018077232920024198
430,relu,10,5,0.1,64,adam,0.7958089510599772,0.006008203647564595
431,relu,10,5,0.1,64,sgd,0.800682266553243,0.015348940184473317
432,relu,10,5,0.2,8,rmsprop,0.7928849856058756,0.02516245427430502
433,relu,10,5,0.2,8,adam,0.7816764116287231,0.025750170067275875
434,relu,10,5,0.2,8,sgd,0.8104288379351298,0.015579300682867293
435,relu,10,5,0.2,32,rmsprop,0.7129629453023275,0.07351085916298142
436,relu,10,5,0.2,32,adam,0.8094541827837626,0.007766748448575426
437,relu,10,5,0.2,32,sgd,0.811403493086497,0.006646283875270944
438,relu,10,5,0.2,64,rmsprop,0.7880116899808248,0.01972328125636385
439,relu,10,5,0.2,64,adam,0.8040935595830282,0.006202695499550261
440,relu,10,5,0.2,64,sgd,0.808966855208079,0.012075557521974383
441,relu,10,5,0.3,8,rmsprop,0.7480506698290507,0.0857589010076036
442,relu,10,5,0.3,8,adam,0.8036062320073446,0.0106990605348144
443,relu,10,5,0.3,8,sgd,0.8104288578033447,0.015020493003636289
444,relu,10,5,0.3,32,rmsprop,0.7909356753031412,0.014957138826492198
445,relu,10,5,0.3,32,adam,0.7651072343190511,0.018659057332549283
446,relu,10,5,0.3,32,sgd,0.8123781681060791,0.01109143433885428
447,relu,10,5,0.3,64,rmsprop,0.7919103105862936,0.025667048180160256
448,relu,10,5,0.3,64,adam,0.7319688200950623,0.12681059486260773
449,relu,10,5,0.3,64,sgd,0.8109161655108134,0.011091415133744672
450,relu,10,10,0.001,8,rmsprop,0.7831383943557739,0.019334156991907582
451,relu,10,10,0.001,8,adam,0.8114035129547119,0.009012315140483243
452,relu,10,10,0.001,8,sgd,0.6998050610224406,0.041734293589406245
453,relu,10,10,0.001,32,rmsprop,0.8157894810040792,0.01040652514475948
454,relu,10,10,0.001,32,adam,0.8153021335601807,0.003837221168155704
455,relu,10,10,0.001,32,sgd,0.651072104771932,0.06011757267170182
456,relu,10,10,0.001,64,rmsprop,0.8196881214777628,0.008125401869565741
457,relu,10,10,0.001,64,adam,0.8162768085797628,0.008468876638991856
458,relu,10,10,0.001,64,sgd,0.6973684231440226,0.012114824170080496
459,relu,10,10,0.01,8,rmsprop,0.8196881214777628,0.009272066629491777
460,relu,10,10,0.01,8,adam,0.8114035129547119,0.009323169100790191
461,relu,10,10,0.01,8,sgd,0.7538986404736837,0.01795860531785369
462,relu,10,10,0.01,32,rmsprop,0.8050682346026102,0.013148866934594175
463,relu,10,10,0.01,32,adam,0.81725146373113,0.010609899699563224
464,relu,10,10,0.01,32,sgd,0.7904483477274576,0.004824318944902933
465,relu,10,10,0.01,64,rmsprop,0.82066277662913,0.006574436412745357
466,relu,10,10,0.01,64,adam,0.8196881214777628,0.004969812911192264
467,relu,10,10,0.01,64,sgd,0.7831383943557739,0.01383534596521609
468,relu,10,10,0.1,8,rmsprop,0.8045809070269266,0.004824322958868467
469,relu,10,10,0.1,8,adam,0.8036062320073446,0.018273233242079252
470,relu,10,10,0.1,8,sgd,0.8196881214777628,0.006994494227205399
471,relu,10,10,0.1,32,rmsprop,0.8167641361554464,0.008635494673036273
472,relu,10,10,0.1,32,adam,0.803118904431661,0.014733172501388501
473,relu,10,10,0.1,32,sgd,0.8162768085797628,0.007195328303329554
474,relu,10,10,0.1,64,rmsprop,0.8075048724810282,0.008384326041231585
475,relu,10,10,0.1,64,adam,0.800682266553243,0.005382732391266073
476,relu,10,10,0.1,64,sgd,0.8187134663263956,0.007454705729113245
477,relu,10,10,0.2,8,rmsprop,0.8011695941289266,0.020710089584825425
478,relu,10,10,0.2,8,adam,0.708089659611384,0.15439653492854077
479,relu,10,10,0.2,8,sgd,0.8050682147343954,0.01109141426078759
480,relu,10,10,0.2,32,rmsprop,0.8050682147343954,0.012424518640305204
481,relu,10,10,0.2,32,adam,0.800682266553243,0.018273233242079252
482,relu,10,10,0.2,32,sgd,0.8114035129547119,0.010406513979802532
483,relu,10,10,0.2,64,rmsprop,0.8060428897539774,0.018505674482712762
484,relu,10,10,0.2,64,adam,0.7992202838261923,0.0067877147949432755
485,relu,10,10,0.2,64,sgd,0.8055555621782938,0.0023874321295603807
486,relu,10,10,0.3,8,rmsprop,0.8182261188824972,0.0055135102327001214
487,relu,10,10,0.3,8,adam,0.7680311997731527,0.0476038688255048
488,relu,10,10,0.3,8,sgd,0.814814825852712,0.011776858908747552
489,relu,10,10,0.3,32,rmsprop,0.7938596407572428,0.019867265454314807
490,relu,10,10,0.3,32,adam,0.8050682346026102,0.005888429454373776
491,relu,10,10,0.3,32,sgd,0.8167641162872314,0.010765466581271173
492,relu,10,10,0.3,64,rmsprop,0.7573099335034689,0.02926413286341964
493,relu,10,10,0.3,64,adam,0.814814825852712,0.005888429454373776
494,relu,10,10,0.3,64,sgd,0.8075048724810282,0.008959432244209637
495,relu,10,20,0.001,8,rmsprop,0.8123781681060791,0.004824296867950975
496,relu,10,20,0.001,8,adam,0.8153021335601807,0.004969785635845018
497,relu,10,20,0.001,8,sgd,0.598440537850062,0.12074956917603527
498,relu,10,20,0.001,32,rmsprop,0.8177387913068136,0.009939625822384526
499,relu,10,20,0.001,32,adam,0.8153021534283956,0.007293672533379
500,relu,10,20,0.001,32,sgd,0.7022417187690735,0.01225127270154134
501,relu,10,20,0.001,64,rmsprop,0.8211500843365988,0.0067877147949432755
502,relu,10,20,0.001,64,adam,0.82066277662913,0.007581066033250539
503,relu,10,20,0.001,64,sgd,0.6413255333900452,0.0463757382457205
504,relu,10,20,0.01,8,rmsprop,0.818226138750712,0.008125401869565741
505,relu,10,20,0.01,8,adam,0.8192007939020792,0.006574436412745357
506,relu,10,20,0.01,8,sgd,0.7860623995463053,0.00812540186956574
507,relu,10,20,0.01,32,rmsprop,0.8221247394879659,0.00612563951203435
508,relu,10,20,0.01,32,adam,0.804093579451243,0.009474758551157881
509,relu,10,20,0.01,32,sgd,0.8011695941289266,0.0031582712447826527
510,relu,10,20,0.01,64,rmsprop,0.8162768085797628,0.01731220963063492
511,relu,10,20,0.01,64,adam,0.8221247394879659,0.0072936778433653985
512,relu,10,20,0.01,64,sgd,0.8070175449053446,0.004303980858740002
513,relu,10,20,0.1,8,rmsprop,0.8118908405303955,0.00927208647025126
514,relu,10,20,0.1,8,adam,0.8196881214777628,0.009648619826813806
515,relu,10,20,0.1,8,sgd,0.8153021335601807,0.004824296867950975
516,relu,10,20,0.1,32,rmsprop,0.8070175449053446,0.004774839925564425
517,relu,10,20,0.1,32,adam,0.8143274585405985,0.007261045345913635
518,relu,10,20,0.1,32,sgd,0.8196881214777628,0.0072936778433653985
519,relu,10,20,0.1,64,rmsprop,0.7943469882011414,0.011345470011048884
520,relu,10,20,0.1,64,adam,0.803118904431661,0.012075529458417661
521,relu,10,20,0.1,64,sgd,0.8211501042048136,0.01083142260234392
522,relu,10,20,0.2,8,rmsprop,0.819688101609548,0.003646852196700886
523,relu,10,20,0.2,8,adam,0.8036062320073446,0.024877684299570744
524,relu,10,20,0.2,8,sgd,0.8114035129547119,0.01060991886369492
525,relu,10,20,0.2,32,rmsprop,0.8114035129547119,0.004303960612004785
526,relu,10,20,0.2,32,adam,0.8104288379351298,0.007948099029643794
527,relu,10,20,0.2,32,sgd,0.8172514835993449,0.006202695499550261
528,relu,10,20,0.2,64,rmsprop,0.7958089709281921,0.019037072687908604
529,relu,10,20,0.2,64,adam,0.803118904431661,0.010152357732827076
530,relu,10,20,0.2,64,sgd,0.8187134464581808,0.004303987607600004
531,relu,10,20,0.3,8,rmsprop,0.7987329562505087,0.022021700408865252
532,relu,10,20,0.3,8,adam,0.711013654867808,0.1423786062152521
533,relu,10,20,0.3,8,sgd,0.8094541827837626,0.00794810024783801
534,relu,10,20,0.3,32,rmsprop,0.7714424928029379,0.029635067757680402
535,relu,10,20,0.3,32,adam,0.7495126724243164,0.08146421011336863
536,relu,10,20,0.3,32,sgd,0.8118908405303955,0.0006891852668501392
537,relu,10,20,0.3,64,rmsprop,0.7821637392044067,0.03769169551574661
538,relu,10,20,0.3,64,adam,0.8070175449053446,0.009549655517603513
539,relu,10,20,0.3,64,sgd,0.8187134265899658,0.011387257898005829
540,relu,20,5,0.001,8,rmsprop,0.727582852045695,0.018735268306902385
541,relu,20,5,0.001,8,adam,0.7680311799049377,0.018886742076919497
542,relu,20,5,0.001,8,sgd,0.5428849856058756,0.039990705689087
543,relu,20,5,0.001,32,rmsprop,0.7841130693753561,0.005382734190041619
544,relu,20,5,0.001,32,adam,0.7875243624051412,0.0034459544321497034
545,relu,20,5,0.001,32,sgd,0.39132553339004517,0.06532033039160688
546,relu,20,5,0.001,64,rmsprop,0.804093579451243,0.005470265020032176
547,relu,20,5,0.001,64,adam,0.8109161853790283,0.009648641903731324
548,relu,20,5,0.001,64,sgd,0.4307992160320282,0.025219004510671543
549,relu,20,5,0.01,8,rmsprop,0.8123781879742941,0.008635494673036273
550,relu,20,5,0.01,8,adam,0.8143274982770284,0.005470265020032176
551,relu,20,5,0.01,8,sgd,0.7041910489400228,0.029345164405585784
552,relu,20,5,0.01,32,rmsprop,0.8153021534283956,0.013310433635660332
553,relu,20,5,0.01,32,adam,0.8177387913068136,0.009648649931699962
554,relu,20,5,0.01,32,sgd,0.6973684231440226,0.054793676165674
555,relu,20,5,0.01,64,rmsprop,0.8079922000567118,0.002756769165299564
556,relu,20,5,0.01,64,adam,0.8177387913068136,0.00812540186956574
557,relu,20,5,0.01,64,sgd,0.7173489332199097,0.007948119739019415
558,relu,20,5,0.1,8,rmsprop,0.7992202639579773,0.004969785635845018
559,relu,20,5,0.1,8,adam,0.8143274982770284,0.009474758551157883
560,relu,20,5,0.1,8,sgd,0.7962962985038757,0.00993961802942948
561,relu,20,5,0.1,32,rmsprop,0.806530217329661,0.010699088588958886
562,relu,20,5,0.1,32,adam,0.806530217329661,0.011776858908747552
563,relu,20,5,0.1,32,sgd,0.8065301974614462,0.005641251995986249
564,relu,20,5,0.1,64,rmsprop,0.7417153914769491,0.010429292479060473
565,relu,20,5,0.1,64,adam,0.819688101609548,0.016726132813373148
566,relu,20,5,0.1,64,sgd,0.8036062320073446,0.0024849200932743364
567,relu,20,5,0.2,8,rmsprop,0.8104288379351298,0.007195330994611118
568,relu,20,5,0.2,8,adam,0.8026315768559774,0.02492536937348506
569,relu,20,5,0.2,8,sgd,0.8167641361554464,0.011282503991972496
570,relu,20,5,0.2,32,rmsprop,0.7938596606254578,0.0011937038980123558
571,relu,20,5,0.2,32,adam,0.8079922000567118,0.004519307158837015
572,relu,20,5,0.2,32,sgd,0.8143274784088135,0.011387257898005829
573,relu,20,5,0.2,64,rmsprop,0.7577972610791525,0.05150035743107602
574,relu,20,5,0.2,64,adam,0.8045808871587118,0.0065744334672970875
575,relu,20,5,0.2,64,sgd,0.8148148059844971,0.004192150317629606
576,relu,20,5,0.3,8,rmsprop,0.7095516522725424,0.11524902902303996
577,relu,20,5,0.3,8,adam,0.7997076114018759,0.00520326257237974
578,relu,20,5,0.3,8,sgd,0.8021442492802938,0.01933412894761313
579,relu,20,5,0.3,32,rmsprop,0.8104288379351298,0.017879066193011866
580,relu,20,5,0.3,32,adam,0.8192007939020792,0.005641251995986248
581,relu,20,5,0.3,32,sgd,0.7987329562505087,0.01697976829317544
582,relu,20,5,0.3,64,rmsprop,0.7909356753031412,0.015518223674649985
583,relu,20,5,0.3,64,adam,0.7953216234842936,0.03229637635962518
584,relu,20,5,0.3,64,sgd,0.8006822466850281,0.0018234128233351554
585,relu,20,10,0.001,8,rmsprop,0.7738791505495707,0.013835371858852441
586,relu,20,10,0.001,8,adam,0.7928850054740906,0.013202938761112556
587,relu,20,10,0.001,8,sgd,0.5916179418563843,0.08363060039039086
588,relu,20,10,0.001,32,rmsprop,0.8094542026519775,0.003004088931576869
589,relu,20,10,0.001,32,adam,0.8109161853790283,0.002484892817922509
590,relu,20,10,0.001,32,sgd,0.4936647117137909,0.12235559712535003
591,relu,20,10,0.001,64,rmsprop,0.8148148059844971,0.008635510370257752
592,relu,20,10,0.001,64,adam,0.8187134464581808,0.006646283875270943
593,relu,20,10,0.001,64,sgd,0.5287524263064066,0.017394322645257226
594,relu,20,10,0.01,8,rmsprop,0.8109161853790283,0.008384349137554661
595,relu,20,10,0.01,8,adam,0.8143274982770284,0.008607948219601261
596,relu,20,10,0.01,8,sgd,0.760721226533254,0.04286282600005863
597,relu,20,10,0.01,32,rmsprop,0.817251443862915,0.003158243653189103
598,relu,20,10,0.01,32,adam,0.8226120869318644,0.008468876638991856
599,relu,20,10,0.01,32,sgd,0.7655945420265198,0.012075544692940116
600,relu,20,10,0.01,64,rmsprop,0.8109161853790283,0.007674487755116056
601,relu,20,10,0.01,64,adam,0.8211501042048136,0.009272066629491777
602,relu,20,10,0.01,64,sgd,0.7680311799049377,0.020128541444688303
603,relu,20,10,0.1,8,rmsprop,0.7933723330497742,0.012538675603194922
604,relu,20,10,0.1,8,adam,0.8001949389775594,0.008468876638991856
605,relu,20,10,0.1,8,sgd,0.8128654758135477,0.007454705729113245
606,relu,20,10,0.1,32,rmsprop,0.7914230028788248,0.018962061466248025
607,relu,20,10,0.1,32,adam,0.8123781681060791,0.004824296867950975
608,relu,20,10,0.1,32,sgd,0.8182261188824972,0.004192173413990857
609,relu,20,10,0.1,64,rmsprop,0.808966855208079,0.010011050355205452
610,relu,20,10,0.1,64,adam,0.8143274982770284,0.011387237491258561
611,relu,20,10,0.1,64,sgd,0.814814825852712,0.012075529458417661
612,relu,20,10,0.2,8,rmsprop,0.7563352584838867,0.038204887415530915
613,relu,20,10,0.2,8,adam,0.8045809070269266,0.007948099029643794
614,relu,20,10,0.2,8,sgd,0.8070175449053446,0.012633029795939048
615,relu,20,10,0.2,32,rmsprop,0.7738791505495707,0.024121584689398193
616,relu,20,10,0.2,32,adam,0.800682266553243,0.0055135102327001214
617,relu,20,10,0.2,32,sgd,0.81725146373113,0.00860794147072274
618,relu,20,10,0.2,64,rmsprop,0.8021442492802938,0.010152388251378047
619,relu,20,10,0.2,64,adam,0.7587719360987345,0.05380963544181646
620,relu,20,10,0.2,64,sgd,0.8167641361554464,0.004519317871007263
621,relu,20,10,0.3,8,rmsprop,0.7875243624051412,0.027124619452220358
622,relu,20,10,0.3,8,adam,0.8177387913068136,0.008959436566950817
623,relu,20,10,0.3,8,sgd,0.8065301974614462,0.0055135102327001214
624,relu,20,10,0.3,32,rmsprop,0.8060428897539774,0.0191117661983982
625,relu,20,10,0.3,32,adam,0.8118908405303955,0.002756741067400557
626,relu,20,10,0.3,32,sgd,0.8060428698857626,0.009648619826813806
627,relu,20,10,0.3,64,rmsprop,0.749999980131785,0.07340093855781184
628,relu,20,10,0.3,64,adam,0.8118908405303955,0.0018234128233351554
629,relu,20,10,0.3,64,sgd,0.794834315776825,0.01225127270154134
630,relu,20,20,0.001,8,rmsprop,0.8089668353398641,0.006891880766400399
631,relu,20,20,0.001,8,adam,0.805555542310079,0.006646288245679736
632,relu,20,20,0.001,8,sgd,0.67933722337087,0.03525651256498764
633,relu,20,20,0.001,32,rmsprop,0.8153021335601807,0.005888401501185252
634,relu,20,20,0.001,32,adam,0.81725146373113,0.011387265550535293
635,relu,20,20,0.001,32,sgd,0.6145224173863729,0.07265297378425424
636,relu,20,20,0.001,64,rmsprop,0.82066277662913,0.009117090666699395
637,relu,20,20,0.001,64,adam,0.8201754490534464,0.011387234940421247
638,relu,20,20,0.001,64,sgd,0.5945419073104858,0.028657279269565118
639,relu,20,20,0.01,8,rmsprop,0.82066277662913,0.012016407295129192
640,relu,20,20,0.01,8,adam,0.8216374317804972,0.012114797795914024
641,relu,20,20,0.01,8,sgd,0.7514619827270508,0.018646335085946496
642,relu,20,20,0.01,32,rmsprop,0.8138401309649149,0.006994494227205399
643,relu,20,20,0.01,32,adam,0.8245614171028137,0.008607968466296793
644,relu,20,20,0.01,32,sgd,0.7919103503227234,0.0013783705337002785
645,relu,20,20,0.01,64,rmsprop,0.8167641361554464,0.006574431994572458
646,relu,20,20,0.01,64,adam,0.81725146373113,0.005203251407454735
647,relu,20,20,0.01,64,sgd,0.7855750521024069,0.0060082004245275026
648,relu,20,20,0.1,8,rmsprop,0.800682266553243,0.008468872065855636
649,relu,20,20,0.1,8,adam,0.808966855208079,0.004969805118273877
650,relu,20,20,0.1,8,sgd,0.8128654758135477,0.007454705729113245
651,relu,20,20,0.1,32,rmsprop,0.7914230028788248,0.022722291820232332
652,relu,20,20,0.1,32,adam,0.8026315768559774,0.01614820077130062
653,relu,20,20,0.1,32,sgd,0.8177387913068136,0.0060082004245275026
654,relu,20,20,0.1,64,rmsprop,0.8079922000567118,0.009722210371135959
655,relu,20,20,0.1,64,adam,0.8040935595830282,0.013292576491359473
656,relu,20,20,0.1,64,sgd,0.8133528232574463,0.0018234128233351554
657,relu,20,20,0.2,8,rmsprop,0.806530237197876,0.012538675603194922
658,relu,20,20,0.2,8,adam,0.7982456088066101,0.008355975953075157
659,relu,20,20,0.2,8,sgd,0.8099415302276611,0.01060991886369492
660,relu,20,20,0.2,32,rmsprop,0.7977583010991415,0.014140955543927868
661,relu,20,20,0.2,32,adam,0.7914230227470398,0.03203797907026072
662,relu,20,20,0.2,32,sgd,0.814814825852712,0.010699088588958886
663,relu,20,20,0.2,64,rmsprop,0.8050682346026102,0.0018234393733773278
664,relu,20,20,0.2,64,adam,0.7943469683329264,0.01482957020581844
665,relu,20,20,0.2,64,sgd,0.8172514835993449,0.007261045345913635
666,relu,20,20,0.3,8,rmsprop,0.7875243624051412,0.03136371048329207
667,relu,20,20,0.3,8,adam,0.8001949389775594,0.01383535366332386
668,relu,20,20,0.3,8,sgd,0.7962962786356608,0.021761310552229716
669,relu,20,20,0.3,32,rmsprop,0.7475633422533671,0.08232551628543654
670,relu,20,20,0.3,32,adam,0.8123781681060791,0.008384349137554661
671,relu,20,20,0.3,32,sgd,0.8128655155499777,0.006316514897969524
672,relu,20,20,0.3,64,rmsprop,0.8055555621782938,0.019723298929126713
673,relu,20,20,0.3,64,adam,0.8055555621782938,0.009474758551157883
674,relu,20,20,0.3,64,sgd,0.8084795276323954,0.017584427491578975
675,relu,50,5,0.001,8,rmsprop,0.6832358638445536,0.07178480287611903
676,relu,50,5,0.001,8,adam,0.7027290463447571,0.08054067682755021
677,relu,50,5,0.001,8,sgd,0.49707601467768353,0.023513314018707984
678,relu,50,5,0.001,32,rmsprop,0.7480506896972656,0.015395279862390482
679,relu,50,5,0.001,32,adam,0.7470760345458984,0.009474776945562511
680,relu,50,5,0.001,32,sgd,0.5419103503227234,0.04583487503695228
681,relu,50,5,0.001,64,rmsprop,0.7636452317237854,0.015020493003636289
682,relu,50,5,0.001,64,adam,0.7777777711550394,0.012462690513556616
683,relu,50,5,0.001,64,sgd,0.5155945420265198,0.06634843483233313
684,relu,50,5,0.01,8,rmsprop,0.808966855208079,0.005382732391266073
685,relu,50,5,0.01,8,adam,0.808966855208079,0.009722182485832613
686,relu,50,5,0.01,8,sgd,0.5384990175565084,0.10061434050813255
687,relu,50,5,0.01,32,rmsprop,0.8177387714385986,0.010765466581271173
688,relu,50,5,0.01,32,adam,0.8177387913068136,0.0056412434142597235
689,relu,50,5,0.01,32,sgd,0.6013645132382711,0.14394130767003252
690,relu,50,5,0.01,64,rmsprop,0.8055555621782938,0.013766515562908848
691,relu,50,5,0.01,64,adam,0.81725146373113,0.006202695499550261
692,relu,50,5,0.01,64,sgd,0.5677387913068136,0.040906646649249645
693,relu,50,5,0.1,8,rmsprop,0.8026315967241923,0.018608058400751772
694,relu,50,5,0.1,8,adam,0.8162767887115479,0.010152381575439497
695,relu,50,5,0.1,8,sgd,0.774853785832723,0.006646288245679736
696,relu,50,5,0.1,32,rmsprop,0.8001949389775594,0.022940731986780906
697,relu,50,5,0.1,32,adam,0.8167641361554464,0.004519317871007263
698,relu,50,5,0.1,32,sgd,0.788986345132192,0.00993959854703499
699,relu,50,5,0.1,64,rmsprop,0.8128654956817627,0.011756666892128717
700,relu,50,5,0.1,64,adam,0.8026315768559774,0.013766519782855783
701,relu,50,5,0.1,64,sgd,0.792397658030192,0.005470265020032176
702,relu,50,5,0.2,8,rmsprop,0.8016569415728251,0.028256708332451735
703,relu,50,5,0.2,8,adam,0.8148148059844971,0.003445926334250696
704,relu,50,5,0.2,8,sgd,0.7977582613627116,0.007948100247838012
705,relu,50,5,0.2,32,rmsprop,0.7348928054173788,0.09178627251087032
706,relu,50,5,0.2,32,adam,0.811403493086497,0.010337835198550104
707,relu,50,5,0.2,32,sgd,0.803118884563446,0.0013783705337002785
708,relu,50,5,0.2,64,rmsprop,0.7543859680493673,0.07153291806711913
709,relu,50,5,0.2,64,adam,0.7831384142239889,0.025943143802128935
710,relu,50,5,0.2,64,sgd,0.7982456088066101,0.009012315140483243
711,relu,50,5,0.3,8,rmsprop,0.808966875076294,0.01276393755338356
712,relu,50,5,0.3,8,adam,0.8128654956817627,0.00782768816813859
713,relu,50,5,0.3,8,sgd,0.7977582812309265,0.011956966079523791
714,relu,50,5,0.3,32,rmsprop,0.7846003969510397,0.025943143802128935
715,relu,50,5,0.3,32,adam,0.8045809070269266,0.0067877147949432755
716,relu,50,5,0.3,32,sgd,0.8050682147343954,0.003646852196700886
717,relu,50,5,0.3,64,rmsprop,0.8036062320073446,0.008798955974449334
718,relu,50,5,0.3,64,adam,0.800682266553243,0.007581066033250539
719,relu,50,5,0.3,64,sgd,0.8026315768559774,0.0031582620476532488
720,relu,50,10,0.001,8,rmsprop,0.7412280639012655,0.04218707744704325
721,relu,50,10,0.001,8,adam,0.7592592636744181,0.023462784057545885
722,relu,50,10,0.001,8,sgd,0.5331383943557739,0.11745952121224329
723,relu,50,10,0.001,32,rmsprop,0.7909356753031412,0.0031582620476532488
724,relu,50,10,0.001,32,adam,0.792397658030192,0.00520326257237974
725,relu,50,10,0.001,32,sgd,0.5482456088066101,0.028223053868772725
726,relu,50,10,0.001,64,rmsprop,0.7953216433525085,0.0011937038980123558
727,relu,50,10,0.001,64,adam,0.806530217329661,0.004824318944902933
728,relu,50,10,0.001,64,sgd,0.5414230028788248,0.06159272907748728
729,relu,50,10,0.01,8,rmsprop,0.8153021534283956,0.006008203647564595
730,relu,50,10,0.01,8,adam,0.8187134464581808,0.0035811360275589577
731,relu,50,10,0.01,8,sgd,0.7348927855491638,0.020960848592738546
732,relu,50,10,0.01,32,rmsprop,0.7997076114018759,0.016410789750069536
733,relu,50,10,0.01,32,adam,0.8157894611358643,0.01376651345290622
734,relu,50,10,0.01,32,sgd,0.7095516522725424,0.018659057332549283
735,relu,50,10,0.01,64,rmsprop,0.8157894810040792,0.009012292579138007
736,relu,50,10,0.01,64,adam,0.8143274982770284,0.009474758551157883
737,relu,50,10,0.01,64,sgd,0.7124756375948588,0.03140913130664657
738,relu,50,10,0.1,8,rmsprop,0.8094541827837626,0.013094574787120132
739,relu,50,10,0.1,8,adam,0.8109161853790283,0.008798974681237755
740,relu,50,10,0.1,8,sgd,0.7933723131815592,0.010831452101479747
741,relu,50,10,0.1,32,rmsprop,0.7928849856058756,0.03495207697990505
742,relu,50,10,0.1,32,adam,0.8153021534283956,0.0061256331895375785
743,relu,50,10,0.1,32,sgd,0.8045808871587118,0.006994494227205399
744,relu,50,10,0.1,64,rmsprop,0.8045809070269266,0.018582533282156213
745,relu,50,10,0.1,64,adam,0.8138401707013448,0.009648621833800957
746,relu,50,10,0.1,64,sgd,0.8050682346026102,0.0006892133647491465
747,relu,50,10,0.2,8,rmsprop,0.7339181105295817,0.06870827166964501
748,relu,50,10,0.2,8,adam,0.8070175449053446,0.01490941145822649
749,relu,50,10,0.2,8,sgd,0.8079922000567118,0.005888429454373776
750,relu,50,10,0.2,32,rmsprop,0.7802144289016724,0.02040974450485718
751,relu,50,10,0.2,32,adam,0.8187134464581808,0.004774839925564424
752,relu,50,10,0.2,32,sgd,0.8075048724810282,0.008468872065855636
753,relu,50,10,0.2,64,rmsprop,0.7792397737503052,0.018024581935212985
754,relu,50,10,0.2,64,adam,0.8201754490534464,0.006646288245679736
755,relu,50,10,0.2,64,sgd,0.811403493086497,0.007827665903204698
756,relu,50,10,0.3,8,rmsprop,0.8036062320073446,0.005641251995986249
757,relu,50,10,0.3,8,adam,0.8109161853790283,0.012016404072059679
758,relu,50,10,0.3,8,sgd,0.8075048724810282,0.008959432244209637
759,relu,50,10,0.3,32,rmsprop,0.7436647017796835,0.03888877475899149
760,relu,50,10,0.3,32,adam,0.7992202838261923,0.0067877147949432755
761,relu,50,10,0.3,32,sgd,0.8128654758135477,0.008355955095795264
762,relu,50,10,0.3,64,rmsprop,0.8094542026519775,0.014341065024345094
763,relu,50,10,0.3,64,adam,0.8036062518755595,0.006994494227205399
764,relu,50,10,0.3,64,sgd,0.808966855208079,0.010291757102500503
765,relu,50,20,0.001,8,rmsprop,0.7836257219314575,0.011937087647112224
766,relu,50,20,0.001,8,adam,0.7811891039212545,0.0178790862302528
767,relu,50,20,0.001,8,sgd,0.5043859581152598,0.02305433661823742
768,relu,50,20,0.001,32,rmsprop,0.8084795276323954,0.007827665903204698
769,relu,50,20,0.001,32,adam,0.8138401508331299,0.002756741067400557
770,relu,50,20,0.001,32,sgd,0.5414230128129324,0.12188888281957105
771,relu,50,20,0.001,64,rmsprop,0.8162767887115479,0.003646825646670311
772,relu,50,20,0.001,64,adam,0.8187134663263956,0.008355955095795264
773,relu,50,20,0.001,64,sgd,0.5506822466850281,0.03431435789048039
774,relu,50,20,0.01,8,rmsprop,0.8060428897539774,0.0024849200932743364
775,relu,50,20,0.01,8,adam,0.8118908405303955,0.007766772134775827
776,relu,50,20,0.01,8,sgd,0.6583820581436157,0.1254321877398857
777,relu,50,20,0.01,32,rmsprop,0.8114035129547119,0.010406513979802532
778,relu,50,20,0.01,32,adam,0.8211501042048136,0.005382734190041619
779,relu,50,20,0.01,32,sgd,0.7412280639012655,0.03131068216690503
780,relu,50,20,0.01,64,rmsprop,0.8162768085797628,0.01962673407948165
781,relu,50,20,0.01,64,adam,0.8123781482378641,0.006994494227205399
782,relu,50,20,0.01,64,sgd,0.7509746750195821,0.02722947251718541
783,relu,50,20,0.1,8,rmsprop,0.8011695742607117,0.014957115522189214
784,relu,50,20,0.1,8,adam,0.8153021534283956,0.0061256331895375785
785,relu,50,20,0.1,8,sgd,0.8104288578033447,0.002484892817922509
786,relu,50,20,0.1,32,rmsprop,0.8079922000567118,0.012763945897672197
787,relu,50,20,0.1,32,adam,0.8031189242998759,0.008798955974449334
788,relu,50,20,0.1,32,sgd,0.8133528232574463,0.01109143433885428
789,relu,50,20,0.1,64,rmsprop,0.808966855208079,0.010011050355205452
790,relu,50,20,0.1,64,adam,0.8153021534283956,0.006574436412745357
791,relu,50,20,0.1,64,sgd,0.8128654956817627,0.0035811116940370675
792,relu,50,20,0.2,8,rmsprop,0.7719298203786215,0.05494951478124969
793,relu,50,20,0.2,8,adam,0.8167641361554464,0.009038635742014524
794,relu,50,20,0.2,8,sgd,0.7938596606254578,0.011937087647112224
795,relu,50,20,0.2,32,rmsprop,0.7422027389208475,0.026540457131472208
796,relu,50,20,0.2,32,adam,0.8079922000567118,0.005382734190041619
797,relu,50,20,0.2,32,sgd,0.8075048923492432,0.012651807929083311
798,relu,50,20,0.2,64,rmsprop,0.7821637392044067,0.03642277101681496
799,relu,50,20,0.2,64,adam,0.8167641361554464,0.010011050355205452
800,relu,50,20,0.2,64,sgd,0.8123781681060791,0.0045192900192244576
801,relu,50,20,0.3,8,rmsprop,0.7383040984471639,0.0664628649750231
802,relu,50,20,0.3,8,adam,0.8118908603986105,0.006994494227205399
803,relu,50,20,0.3,8,sgd,0.82066277662913,0.009648621833800957
804,relu,50,20,0.3,32,rmsprop,0.7772904634475708,0.02315711923319158
805,relu,50,20,0.3,32,adam,0.8167641361554464,0.013575429589886553
806,relu,50,20,0.3,32,sgd,0.8138401508331299,0.009574516258814862
807,relu,50,20,0.3,64,rmsprop,0.8026315967241923,0.008607948219601261
808,relu,50,20,0.3,64,adam,0.8153021534283956,0.006574431994572458
809,relu,50,20,0.3,64,sgd,0.8050682147343954,0.009574492999715262
