activation,batch_size,epochs,learning_rate,neurons,optimizer,Mean,Std
tanh,10,5,0.001,8,rmsprop,0.5110273857911428,0.00946427180836533
tanh,10,5,0.001,8,adam,0.5001975993315378,0.009265563992525008
tanh,10,5,0.001,8,sgd,0.41237953305244446,0.006675382251190488
tanh,10,5,0.001,16,rmsprop,0.5342364311218262,0.004809914117116278
tanh,10,5,0.001,16,adam,0.5419753193855286,0.0075682986286466905
tanh,10,5,0.001,16,sgd,0.4011549651622772,0.026648217785198113
tanh,10,5,0.001,32,rmsprop,0.5477780302365621,0.005512788378163836
tanh,10,5,0.001,32,adam,0.5524229009946188,0.010688340933124131
tanh,10,5,0.001,32,sgd,0.43557465076446533,0.038204324159326064
tanh,10,5,0.01,8,rmsprop,0.5760177373886108,0.010339862597025561
tanh,10,5,0.01,8,adam,0.5640215873718262,0.010835763783223151
tanh,10,5,0.01,8,sgd,0.47619272271792096,0.03389660872000047
tanh,10,5,0.01,16,rmsprop,0.5427451133728027,0.011225723662908721
tanh,10,5,0.01,16,adam,0.5686686833699545,0.0108475998446329
tanh,10,5,0.01,16,sgd,0.4897423982620239,0.012183385322704373
tanh,10,5,0.01,32,rmsprop,0.5535695354143778,0.016797421493769484
tanh,10,5,0.01,32,adam,0.5752385258674622,0.009285336957126158
tanh,10,5,0.01,32,sgd,0.5145045320192972,0.0045135850358022245
tanh,10,5,0.1,8,rmsprop,0.529216984907786,0.038723660033979514
tanh,10,5,0.1,8,adam,0.5454452633857727,0.018757163684029226
tanh,10,5,0.1,8,sgd,0.567507247130076,0.0046382894109876956
tanh,10,5,0.1,16,rmsprop,0.5110193093617758,0.03754118841155394
tanh,10,5,0.1,16,adam,0.5303510427474976,0.030532410273342848
tanh,10,5,0.1,16,sgd,0.5582260489463806,0.011638765914154378
tanh,10,5,0.1,32,rmsprop,0.41278644899527234,0.13415181112067615
tanh,10,5,0.1,32,adam,0.5419829487800598,0.020240255195688246
tanh,10,5,0.1,32,sgd,0.5744677980740865,0.0061776865686417005
tanh,10,5,0.2,8,rmsprop,0.4170526961485545,0.11198402801299069
tanh,10,5,0.2,8,adam,0.502514660358429,0.010422963259790457
tanh,10,5,0.2,8,sgd,0.5559013883272806,0.0037109388812743443
tanh,10,5,0.2,16,rmsprop,0.44563912351926166,0.03435656938748473
tanh,10,5,0.2,16,adam,0.4533609449863434,0.05522642608953987
tanh,10,5,0.2,16,sgd,0.5694407224655151,0.008167779531751341
tanh,10,5,0.2,32,rmsprop,0.4704299867153168,0.056456080707043464
tanh,10,5,0.2,32,adam,0.4530281325181325,0.09749295962616789
tanh,10,5,0.2,32,sgd,0.5458513100941976,0.019431080934939587
tanh,10,5,0.3,8,rmsprop,0.47582892576853436,0.01603239348250607
tanh,10,5,0.3,8,adam,0.5276665985584259,0.021365927400799855
tanh,10,5,0.3,8,sgd,0.5671232342720032,0.010717608043371763
tanh,10,5,0.3,16,rmsprop,0.36823761463165283,0.07499371404551303
tanh,10,5,0.3,16,adam,0.4340628882249196,0.0986782758368605
tanh,10,5,0.3,16,sgd,0.5473881959915161,0.01661063292022936
tanh,10,5,0.3,32,rmsprop,0.3911120593547821,0.050919044192051253
tanh,10,5,0.3,32,adam,0.3899030188719432,0.07218641320118577
tanh,10,5,0.3,32,sgd,0.5547430912653605,0.015741871522942184
tanh,10,10,0.001,8,rmsprop,0.548550546169281,0.0048039564992304285
tanh,10,10,0.001,8,adam,0.5520339409510294,0.005521790083668916
tanh,10,10,0.001,8,sgd,0.4085026780764262,0.032772261931149294
tanh,10,10,0.001,16,rmsprop,0.5531936089197794,0.004528660194828676
tanh,10,10,0.001,16,adam,0.5597719550132751,0.007659194267831606
tanh,10,10,0.001,16,sgd,0.40117069085439044,0.02062094363205479
tanh,10,10,0.001,32,rmsprop,0.5682811141014099,0.006028738627609865
tanh,10,10,0.001,32,adam,0.5609306891759237,0.004138089978395605
tanh,10,10,0.001,32,sgd,0.40116260449091595,0.029135802744867254
tanh,10,10,0.01,8,rmsprop,0.5674987037976583,0.01350824106530566
tanh,10,10,0.01,8,adam,0.570214589436849,0.011388291054273105
tanh,10,10,0.01,8,sgd,0.5013612906138102,0.033144496329979546
tanh,10,10,0.01,16,rmsprop,0.5717636148134867,0.017303273918835498
tanh,10,10,0.01,16,adam,0.5760168631871542,0.004541757278499709
tanh,10,10,0.01,16,sgd,0.5230154792467753,0.00836583915184227
tanh,10,10,0.01,32,rmsprop,0.5655697186787924,0.002861276789724857
tanh,10,10,0.01,32,adam,0.5779539346694946,0.009300809705039763
tanh,10,10,0.01,32,sgd,0.5241782466570536,0.003362295437586987
tanh,10,10,0.1,8,rmsprop,0.5238000949223837,0.017237980825686994
tanh,10,10,0.1,8,adam,0.552029013633728,0.007511118239112432
tanh,10,10,0.1,8,sgd,0.5682815512021383,0.009756398933614794
tanh,10,10,0.1,16,rmsprop,0.5121731062730154,0.03841546885371624
tanh,10,10,0.1,16,adam,0.5473796725273132,0.019170198595086074
tanh,10,10,0.1,16,sgd,0.5617063442866007,0.00879746474218343
tanh,10,10,0.1,32,rmsprop,0.4700513780117035,0.06446856389062937
tanh,10,10,0.1,32,adam,0.5330786009629568,0.036452754000369965
tanh,10,10,0.1,32,sgd,0.5617013971010844,0.002317247284995199
tanh,10,10,0.2,8,rmsprop,0.395021711786588,0.12155611187884519
tanh,10,10,0.2,8,adam,0.5392675399780273,0.00546958368708578
tanh,10,10,0.2,8,sgd,0.5787273248036703,0.007539482290807926
tanh,10,10,0.2,16,rmsprop,0.42712749044100445,0.1262535314789449
tanh,10,10,0.2,16,adam,0.46922677755355835,0.034499751145838996
tanh,10,10,0.2,16,sgd,0.5620880921681722,0.01007484451477327
tanh,10,10,0.2,32,rmsprop,0.4081227282683055,0.05402684806375807
tanh,10,10,0.2,32,adam,0.43284576137860614,0.0680779001005143
tanh,10,10,0.2,32,sgd,0.5531994303067526,0.017346872227770864
tanh,10,10,0.3,8,rmsprop,0.35976260900497437,0.09144341076103422
tanh,10,10,0.3,8,adam,0.4638350009918213,0.06792782661791254
tanh,10,10,0.3,8,sgd,0.5605381528536478,0.017276885594031934
tanh,10,10,0.3,16,rmsprop,0.35625269015630084,0.08081229544162502
tanh,10,10,0.3,16,adam,0.5145072042942047,0.021801625050447873
tanh,10,10,0.3,16,sgd,0.5744691689809164,0.011533657030003499
tanh,10,10,0.3,32,rmsprop,0.47002442677815753,0.018180359376395616
tanh,10,10,0.3,32,adam,0.5346164107322693,0.014515086033976762
tanh,10,10,0.3,32,sgd,0.5698301196098328,0.011843500887219839
tanh,10,20,0.001,8,rmsprop,0.5651879707972208,0.008053841325666673
tanh,10,20,0.001,8,adam,0.5702163974444071,0.007861775191287605
tanh,10,20,0.001,8,sgd,0.40271209677060443,0.019104068348287997
tanh,10,20,0.001,16,rmsprop,0.5725356737772623,0.007843054349627595
tanh,10,20,0.001,16,adam,0.5682779550552368,0.012830977384103636
tanh,10,20,0.001,16,sgd,0.41237862904866535,0.009511885796271019
tanh,10,20,0.001,32,rmsprop,0.5709884564081827,0.008387768187260959
tanh,10,20,0.001,32,adam,0.5678894718488058,0.007778717653712145
tanh,10,20,0.001,32,sgd,0.4313250283400218,0.017861437733749434
tanh,10,20,0.01,8,rmsprop,0.5682833393414816,0.011923064596120322
tanh,10,20,0.01,8,adam,0.5694389343261719,0.009475059657769019
tanh,10,20,0.01,8,sgd,0.5450684626897176,0.005851483557026066
tanh,10,20,0.01,16,rmsprop,0.5682851274808248,0.012524618687021207
tanh,10,20,0.01,16,adam,0.5609298149744669,0.0024961611520072026
tanh,10,20,0.01,16,sgd,0.551640510559082,0.00898162588015873
tanh,10,20,0.01,32,rmsprop,0.5644073883692423,0.009420184998802735
tanh,10,20,0.01,32,adam,0.5671138167381287,0.009235137708341832
tanh,10,20,0.01,32,sgd,0.5535762707392374,0.00447894746700146
tanh,10,20,0.1,8,rmsprop,0.5249574979146322,0.013100028759353788
tanh,10,20,0.1,8,adam,0.5377122362454733,0.02347030571122441
tanh,10,20,0.1,8,sgd,0.5702159206072489,0.008799440525306625
tanh,10,20,0.1,16,rmsprop,0.48392488559087116,0.03855588595475592
tanh,10,20,0.1,16,adam,0.5593875050544739,0.012714392858777129
tanh,10,20,0.1,16,sgd,0.5702177286148071,0.01529288925777659
tanh,10,20,0.1,32,rmsprop,0.4595499038696289,0.04490292623985842
tanh,10,20,0.1,32,adam,0.5198980768521627,0.0448898908680861
tanh,10,20,0.1,32,sgd,0.5624739130338033,0.004526381364082058
tanh,10,20,0.2,8,rmsprop,0.5311356584231058,0.01159612486069116
tanh,10,20,0.2,8,adam,0.5307700932025909,0.044602039419621854
tanh,10,20,0.2,8,sgd,0.5566725134849548,0.0011642563846333991
tanh,10,20,0.2,16,rmsprop,0.5056252976258596,0.03649853266443786
tanh,10,20,0.2,16,adam,0.4901232620080312,0.03988272097435665
tanh,10,20,0.2,16,sgd,0.5671263933181763,0.016548991690270642
tanh,10,20,0.2,32,rmsprop,0.5114136338233948,0.023871623475177038
tanh,10,20,0.2,32,adam,0.5032736857732137,0.02787752011299102
tanh,10,20,0.2,32,sgd,0.5647999246915182,0.005688697772911139
tanh,10,20,0.3,8,rmsprop,0.42052937547365826,0.08832006958973615
tanh,10,20,0.3,8,adam,0.5388799508412679,0.014126643368697258
tanh,10,20,0.3,8,sgd,0.5501022736231486,0.010196479891544255
tanh,10,20,0.3,16,rmsprop,0.3269225060939789,0.07273009445192014
tanh,10,20,0.3,16,adam,0.501345137755076,0.019214774804934914
tanh,10,20,0.3,16,sgd,0.5628641843795776,0.0103245087675661
tanh,10,20,0.3,32,rmsprop,0.47076592842737836,0.051053545943733625
tanh,10,20,0.3,32,adam,0.38182953000068665,0.09188117863932888
tanh,10,20,0.3,32,sgd,0.5562930305798849,0.016154279021073092
tanh,20,5,0.001,8,rmsprop,0.4615009129047394,0.03221358009247807
tanh,20,5,0.001,8,adam,0.4858749906222026,0.015818518528685
tanh,20,5,0.001,8,sgd,0.34933434923489887,0.058270952470302916
tanh,20,5,0.001,16,rmsprop,0.5025101701418558,0.01710674886564125
tanh,20,5,0.001,16,adam,0.5005807181199392,0.0029579311816452917
tanh,20,5,0.001,16,sgd,0.36906267205874127,0.02527762874992751
tanh,20,5,0.001,32,rmsprop,0.5257277488708496,0.0055031399643563975
tanh,20,5,0.001,32,adam,0.5280438860257467,0.005987829110596279
tanh,20,5,0.001,32,sgd,0.39535226424535114,0.010571332576302774
tanh,20,5,0.01,8,rmsprop,0.5740838050842285,0.005060511838342399
tanh,20,5,0.01,8,adam,0.5733077128728231,0.0066379078426707875
tanh,20,5,0.01,8,sgd,0.4085206389427185,0.029173800568494626
tanh,20,5,0.01,16,rmsprop,0.5628655354181925,0.012513597318130282
tanh,20,5,0.01,16,adam,0.5779548287391663,0.011740052289017176
tanh,20,5,0.01,16,sgd,0.42088688413302106,0.01000795111498017
tanh,20,5,0.01,32,rmsprop,0.5651915470759074,0.014460579982204905
tanh,20,5,0.01,32,adam,0.565957764784495,0.006184464555375444
tanh,20,5,0.01,32,sgd,0.464997798204422,0.025315950092297243
tanh,20,5,0.1,8,rmsprop,0.4762088855107625,0.01657621261851129
tanh,20,5,0.1,8,adam,0.5315210223197937,0.012983166597387042
tanh,20,5,0.1,8,sgd,0.5431322852770487,0.002590060420769648
tanh,20,5,0.1,16,rmsprop,0.4576402207215627,0.05635911515823056
tanh,20,5,0.1,16,adam,0.5392635067303976,0.006728899741858504
tanh,20,5,0.1,16,sgd,0.543522576491038,0.007024553508492586
tanh,20,5,0.1,32,rmsprop,0.5067553122838339,0.027355886053178336
tanh,20,5,0.1,32,adam,0.5400508244832357,0.029174754374050732
tanh,20,5,0.1,32,sgd,0.5512601137161255,0.007721741806862212
tanh,20,5,0.2,8,rmsprop,0.4584324856599172,0.04334307932731592
tanh,20,5,0.2,8,adam,0.5582269628842672,0.015130484843181287
tanh,20,5,0.2,8,sgd,0.555117666721344,0.015350502174536824
tanh,20,5,0.2,16,rmsprop,0.43288708726565045,0.08998996582741992
tanh,20,5,0.2,16,adam,0.497120201587677,0.0420501049448461
tanh,20,5,0.2,16,sgd,0.5667374531428019,0.01652646595782552
tanh,20,5,0.2,32,rmsprop,0.4591919481754303,0.07148026486645423
tanh,20,5,0.2,32,adam,0.5315268437067667,0.0032132424006514723
tanh,20,5,0.2,32,sgd,0.5288208921750387,0.01145048923690523
tanh,20,5,0.3,8,rmsprop,0.3771855632464091,0.019630212011535222
tanh,20,5,0.3,8,adam,0.4340094526608785,0.06098496665991872
tanh,20,5,0.3,8,sgd,0.544296403725942,0.009176419886012858
tanh,20,5,0.3,16,rmsprop,0.4038223326206207,0.09226308980677407
tanh,20,5,0.3,16,adam,0.4765978256861369,0.00891080939959566
tanh,20,5,0.3,16,sgd,0.5443053841590881,0.022682778058557753
tanh,20,5,0.3,32,rmsprop,0.3733131984869639,0.06476580375789033
tanh,20,5,0.3,32,adam,0.24835777779420218,0.01096616642710631
tanh,20,5,0.3,32,sgd,0.5261072516441345,0.019286949814677126
tanh,20,10,0.001,8,rmsprop,0.5233990152676901,0.01163829688622538
tanh,20,10,0.001,8,adam,0.5218531092007955,0.013260343412726226
tanh,20,10,0.001,8,sgd,0.38452831904093426,0.018445240124351555
tanh,20,10,0.001,16,rmsprop,0.5396502017974854,0.003134950135643347
tanh,20,10,0.001,16,adam,0.5454582969347636,0.011698896709070011
tanh,20,10,0.001,16,sgd,0.44410940011342365,0.045568985737662125
tanh,20,10,0.001,32,rmsprop,0.5605431000391642,0.008514370352259968
tanh,20,10,0.001,32,adam,0.5609329342842102,0.008256380207023238
tanh,20,10,0.001,32,sgd,0.3853062093257904,0.014479632471982402
tanh,20,10,0.01,8,rmsprop,0.5779480934143066,0.0035206112413945635
tanh,20,10,0.01,8,adam,0.5682748158772787,0.010907148908213983
tanh,20,10,0.01,8,sgd,0.46613094210624695,0.03739831952028648
tanh,20,10,0.01,16,rmsprop,0.5698224902153015,0.009115755781136239
tanh,20,10,0.01,16,adam,0.5760181943575541,0.005502843958752557
tanh,20,10,0.01,16,sgd,0.49052298069000244,0.023719494672693152
tanh,20,10,0.01,32,rmsprop,0.5609221657117208,0.016477790346870424
tanh,20,10,0.01,32,adam,0.5675081610679626,0.00650364419458312
tanh,20,10,0.01,32,sgd,0.4820084571838379,0.007454328184330377
tanh,20,10,0.1,8,rmsprop,0.5067791144053141,0.0196696443033388
tanh,20,10,0.1,8,adam,0.5578375657399496,0.010765486018560512
tanh,20,10,0.1,8,sgd,0.570603092511495,0.01139396404333891
tanh,20,10,0.1,16,rmsprop,0.4723086754480998,0.05872212659127874
tanh,20,10,0.1,16,adam,0.5264898935953776,0.01761978365830977
tanh,20,10,0.1,16,sgd,0.5647976795832316,0.00863969441093641
tanh,20,10,0.1,32,rmsprop,0.5253370006879171,0.023365846538645915
tanh,20,10,0.1,32,adam,0.5299899578094482,0.020175841082069407
tanh,20,10,0.1,32,sgd,0.5717604557673136,0.00430262041636811
tanh,20,10,0.2,8,rmsprop,0.3489844799041748,0.09051831637268994
tanh,20,10,0.2,8,adam,0.5311392545700073,0.026757183929417304
tanh,20,10,0.2,8,sgd,0.5605471332867941,0.01524421020115615
tanh,20,10,0.2,16,rmsprop,0.4135777950286865,0.11235061066768201
tanh,20,10,0.2,16,adam,0.44833611448605853,0.03630152923468132
tanh,20,10,0.2,16,sgd,0.5613178412119547,0.007365726440811287
tanh,20,10,0.2,32,rmsprop,0.4982596238454183,0.01990833364041208
tanh,20,10,0.2,32,adam,0.4820156395435333,0.05637049810648221
tanh,20,10,0.2,32,sgd,0.5528051257133484,0.0066847298229966625
tanh,20,10,0.3,8,rmsprop,0.47542067368825275,0.03375708018785318
tanh,20,10,0.3,8,adam,0.48820863167444867,0.014324806510150058
tanh,20,10,0.3,8,sgd,0.5454484224319458,0.01135386706250111
tanh,20,10,0.3,16,rmsprop,0.4932285249233246,0.020118463385595853
tanh,20,10,0.3,16,adam,0.4661700228850047,0.08997142067104875
tanh,20,10,0.3,16,sgd,0.5535713235537211,0.014034370766793076
tanh,20,10,0.3,32,rmsprop,0.31022130449612934,0.09756609257928121
tanh,20,10,0.3,32,adam,0.44993142286936444,0.07022797085695168
tanh,20,10,0.3,32,sgd,0.5431408286094666,0.015909193779111784
tanh,20,20,0.001,8,rmsprop,0.5620908141136169,0.003351390191997753
tanh,20,20,0.001,8,adam,0.5574495196342468,0.005493664210615753
tanh,20,20,0.001,8,sgd,0.39419980843861896,0.01674513107802648
tanh,20,20,0.001,16,rmsprop,0.5624783833821615,0.006026269272157004
tanh,20,20,0.001,16,adam,0.5651852687199911,0.002812317650070081
tanh,20,20,0.001,16,sgd,0.41278014580408734,0.027313299267843146
tanh,20,20,0.001,32,rmsprop,0.5744669238726298,0.009251442537529606
tanh,20,20,0.001,32,adam,0.5667343139648438,0.010301387551908852
tanh,20,20,0.001,32,sgd,0.4015528957049052,0.025732931345474875
tanh,20,20,0.01,8,rmsprop,0.5690459609031677,0.011543206757510178
tanh,20,20,0.01,8,adam,0.5729187528292338,0.007505752114352885
tanh,20,20,0.01,8,sgd,0.5118012428283691,0.004609278182135166
tanh,20,20,0.01,16,rmsprop,0.5752434531847636,0.007298898527961587
tanh,20,20,0.01,16,adam,0.5655791560808817,0.015633839595035004
tanh,20,20,0.01,16,sgd,0.527276337146759,0.00968488494060569
tanh,20,20,0.01,32,rmsprop,0.5713733434677124,0.00994578421145555
tanh,20,20,0.01,32,adam,0.5690558354059855,0.020510582617046177
tanh,20,20,0.01,32,sgd,0.5334544976552328,0.014407325405440208
tanh,20,20,0.1,8,rmsprop,0.5067606965700785,0.03460144660389483
tanh,20,20,0.1,8,adam,0.5481557448705038,0.01396257246994979
tanh,20,20,0.1,8,sgd,0.5740869641304016,0.013782236506624579
tanh,20,20,0.1,16,rmsprop,0.5292075673739115,0.009066776254429604
tanh,20,20,0.1,16,adam,0.5280452370643616,0.019539140152384313
tanh,20,20,0.1,16,sgd,0.570213238398234,0.002080248597369957
tanh,20,20,0.1,32,rmsprop,0.49438681205113727,0.03252013054168455
tanh,20,20,0.1,32,adam,0.5458351174990336,0.011710072760662646
tanh,20,20,0.1,32,sgd,0.566730260848999,0.01382805854765016
tanh,20,20,0.2,8,rmsprop,0.505599707365036,0.026857969534059813
tanh,20,20,0.2,8,adam,0.535014788309733,0.020690241985177882
tanh,20,20,0.2,8,sgd,0.5663467049598694,0.0108814715392328
tanh,20,20,0.2,16,rmsprop,0.5094931821028391,0.04351795484739902
tanh,20,20,0.2,16,adam,0.4905310769875844,0.04205605690940457
tanh,20,20,0.2,16,sgd,0.5508702794710795,0.021787261712320996
tanh,20,20,0.2,32,rmsprop,0.4676997462908427,0.019607262164098204
tanh,20,20,0.2,32,adam,0.46344876289367676,0.054102879050180436
tanh,20,20,0.2,32,sgd,0.5566774606704712,0.011668091077403225
tanh,20,20,0.3,8,rmsprop,0.44487515091896057,0.006364331403563779
tanh,20,20,0.3,8,adam,0.5245487888654073,0.03139667073149715
tanh,20,20,0.3,8,sgd,0.5586087107658386,0.006206798477003033
tanh,20,20,0.3,16,rmsprop,0.4232376019159953,0.08941315026446961
tanh,20,20,0.3,16,adam,0.4924730956554413,0.030737885157640393
tanh,20,20,0.3,16,sgd,0.5705891450246176,0.02008373846027617
tanh,20,20,0.3,32,rmsprop,0.37289056181907654,0.08331425350714439
tanh,20,20,0.3,32,adam,0.46267446875572205,0.021218511663942227
tanh,20,20,0.3,32,sgd,0.5419712861378988,0.009033111332669238
tanh,50,5,0.001,8,rmsprop,0.4139317075411479,0.033585809501599756
tanh,50,5,0.001,8,adam,0.4568775991598765,0.03007640977624183
tanh,50,5,0.001,8,sgd,0.25955987970034283,0.06971571460782891
tanh,50,5,0.001,16,rmsprop,0.4700149993101756,0.03225368917165181
tanh,50,5,0.001,16,adam,0.490509957075119,0.02256891158279233
tanh,50,5,0.001,16,sgd,0.2479553520679474,0.035121388156114125
tanh,50,5,0.001,32,rmsprop,0.508700023094813,0.008772099333814974
tanh,50,5,0.001,32,adam,0.48394912481307983,0.015864809437494333
tanh,50,5,0.001,32,sgd,0.37907413641611737,0.06894707760021769
tanh,50,5,0.01,8,rmsprop,0.5675103863080343,0.010551763414230753
tanh,50,5,0.01,8,adam,0.5632490913073221,0.011393730209862403
tanh,50,5,0.01,8,sgd,0.39458290735880536,0.018606790678731423
tanh,50,5,0.01,16,rmsprop,0.5624837875366211,0.014537543869468634
tanh,50,5,0.01,16,adam,0.559768815835317,0.002196149630801774
tanh,50,5,0.01,16,sgd,0.4104590614636739,0.027031419884558556
tanh,50,5,0.01,32,rmsprop,0.5617027282714844,0.010009533810661064
tanh,50,5,0.01,32,adam,0.5578330755233765,0.0034814783172906314
tanh,50,5,0.01,32,sgd,0.39033596714337665,0.014074757737035367
tanh,50,5,0.1,8,rmsprop,0.5477775931358337,0.003706646639777584
tanh,50,5,0.1,8,adam,0.5663426717122396,0.009927979756287963
tanh,50,5,0.1,8,sgd,0.5137122670809428,0.03813561167153645
tanh,50,5,0.1,16,rmsprop,0.5245752930641174,0.04373401742276797
tanh,50,5,0.1,16,adam,0.5578375657399496,0.008843815791423132
tanh,50,5,0.1,16,sgd,0.5234026312828064,0.00727648735811956
tanh,50,5,0.1,32,rmsprop,0.46731214721997577,0.02466449649242891
tanh,50,5,0.1,32,adam,0.5435207684834799,0.00296455277652879
tanh,50,5,0.1,32,sgd,0.532682458559672,0.01301694776780977
tanh,50,5,0.2,8,rmsprop,0.47622639934221905,0.03429100941275171
tanh,50,5,0.2,8,adam,0.5493324597676595,0.018178097513309923
tanh,50,5,0.2,8,sgd,0.5338443517684937,0.00885298175900727
tanh,50,5,0.2,16,rmsprop,0.37866318722565967,0.12409701770905475
tanh,50,5,0.2,16,adam,0.5299935241540273,0.026797874890728105
tanh,50,5,0.2,16,sgd,0.5555196205774943,0.012926600207642039
tanh,50,5,0.2,32,rmsprop,0.5253361066182455,0.009158173077533843
tanh,50,5,0.2,32,adam,0.51680988073349,0.03358842704589922
tanh,50,5,0.2,32,sgd,0.5435140331586202,0.011557065350170823
tanh,50,5,0.3,8,rmsprop,0.48007317384084064,0.027154944831691
tanh,50,5,0.3,8,adam,0.5299903849760691,0.0311613821132927
tanh,50,5,0.3,8,sgd,0.5597611665725708,0.016734175333222984
tanh,50,5,0.3,16,rmsprop,0.3895046313603719,0.10372368205378404
tanh,50,5,0.3,16,adam,0.5315416753292084,0.028685216369135045
tanh,50,5,0.3,16,sgd,0.5423543651898702,0.009839557818843828
tanh,50,5,0.3,32,rmsprop,0.48279622197151184,0.022099712377897273
tanh,50,5,0.3,32,adam,0.5110157032807668,0.02777818526363026
tanh,50,5,0.3,32,sgd,0.557829479376475,0.007645187720355939
tanh,50,10,0.001,8,rmsprop,0.49207156896591187,0.006702534589380316
tanh,50,10,0.001,8,adam,0.4951624770959218,0.006706252648745212
tanh,50,10,0.001,8,sgd,0.3357878029346466,0.05319360888908093
tanh,50,10,0.001,16,rmsprop,0.5121883948644003,0.007888934277192998
tanh,50,10,0.001,16,adam,0.5121834476788839,0.00498686543490584
tanh,50,10,0.001,16,sgd,0.3183626135190328,0.0307846012082707
tanh,50,10,0.001,32,rmsprop,0.5353983243306478,0.004064292994751142
tanh,50,10,0.001,32,adam,0.5315273006757101,0.00402250310315996
tanh,50,10,0.001,32,sgd,0.35744062066078186,0.011297589183890677
tanh,50,10,0.01,8,rmsprop,0.5748518308003744,0.005705643666111783
tanh,50,10,0.01,8,adam,0.5682824452718099,0.016331229682203605
tanh,50,10,0.01,8,sgd,0.4131682018438975,0.028706447728644773
tanh,50,10,0.01,16,rmsprop,0.573693056901296,0.0026010860793558234
tanh,50,10,0.01,16,adam,0.569053590297699,0.005355676002909181
tanh,50,10,0.01,16,sgd,0.40192747116088867,0.018837082197011745
tanh,50,10,0.01,32,rmsprop,0.5632477402687073,0.0035462127385209193
tanh,50,10,0.01,32,adam,0.5659550627072653,0.006084722602644966
tanh,50,10,0.01,32,sgd,0.4398525853951772,0.029703966309737668
tanh,50,10,0.1,8,rmsprop,0.5570682287216187,0.018330994215187225
tanh,50,10,0.1,8,adam,0.5551338394482931,0.017837315810151754
tanh,50,10,0.1,8,sgd,0.540429433186849,0.007152661365232098
tanh,50,10,0.1,16,rmsprop,0.5582153002421061,0.00995980482068293
tanh,50,10,0.1,16,adam,0.5613133509953817,0.00750873015283116
tanh,50,10,0.1,16,sgd,0.5566711823145548,0.0036514150056657637
tanh,50,10,0.1,32,rmsprop,0.4387216866016388,0.11480779830272177
tanh,50,10,0.1,32,adam,0.5663399696350098,0.018790894320764005
tanh,50,10,0.1,32,sgd,0.5535803039868673,0.005940967060839741
tanh,50,10,0.2,8,rmsprop,0.5466143488883972,0.007695733884509137
tanh,50,10,0.2,8,adam,0.5384973088900248,0.03267957325912732
tanh,50,10,0.2,8,sgd,0.5574396252632141,0.014905507881946995
tanh,50,10,0.2,16,rmsprop,0.4920720160007477,0.012622251406116497
tanh,50,10,0.2,16,adam,0.5570659637451172,0.01215064838557783
tanh,50,10,0.2,16,sgd,0.5508612990379333,0.017324620980487673
tanh,50,10,0.2,32,rmsprop,0.520305871963501,0.011912371390320144
tanh,50,10,0.2,32,adam,0.5323083599408468,0.019739946578439686
tanh,50,10,0.2,32,sgd,0.5628615021705627,0.0047761530671014745
tanh,50,10,0.3,8,rmsprop,0.5110318760077158,0.013991079940284777
tanh,50,10,0.3,8,adam,0.5210703015327454,0.032384844548102004
tanh,50,10,0.3,8,sgd,0.5640130440394083,0.019289858324856864
tanh,50,10,0.3,16,rmsprop,0.48585836092631024,0.04059199791497681
tanh,50,10,0.3,16,adam,0.5326981842517853,0.02616108181833915
tanh,50,10,0.3,16,sgd,0.5644172628720602,0.013842952669137615
tanh,50,10,0.3,32,rmsprop,0.418997844060262,0.10253437943416743
tanh,50,10,0.3,32,adam,0.5295870900154114,0.01317841684611424
tanh,50,10,0.3,32,sgd,0.5636371374130249,0.007706493352346226
tanh,50,20,0.001,8,rmsprop,0.5206939379374186,0.005482864932074268
tanh,50,20,0.001,8,adam,0.531531810760498,0.006858472364480764
tanh,50,20,0.001,8,sgd,0.3906889855861664,0.04882664998826317
tanh,50,20,0.001,16,rmsprop,0.5477771361668905,0.003638626312177151
tanh,50,20,0.001,16,adam,0.5442932645479838,0.003143428117872115
tanh,50,20,0.001,16,sgd,0.40076783299446106,0.03755837690362002
tanh,50,20,0.001,32,rmsprop,0.5617041190465292,0.0035911924721182442
tanh,50,20,0.001,32,adam,0.5562885403633118,0.004242620913904424
tanh,50,20,0.001,32,sgd,0.40038472414016724,0.026336535575822825
tanh,50,20,0.01,8,rmsprop,0.5717595815658569,0.0011567148458742145
tanh,50,20,0.01,8,adam,0.5752434531847636,0.007298898527961587
tanh,50,20,0.01,8,sgd,0.450673371553421,0.006611533367997885
tanh,50,20,0.01,16,rmsprop,0.5752461552619934,0.011675010991080708
tanh,50,20,0.01,16,adam,0.5616951187451681,0.014439990263129678
tanh,50,20,0.01,16,sgd,0.4510479470094045,0.029222168468419057
tanh,50,20,0.01,32,rmsprop,0.5667338569959005,0.014603491039641137
tanh,50,20,0.01,32,adam,0.5752447843551636,0.012209095259247333
tanh,50,20,0.01,32,sgd,0.49168262879053753,0.0002781972980709079
tanh,50,20,0.1,8,rmsprop,0.529976467291514,0.00833353862085555
tanh,50,20,0.1,8,adam,0.5613192121187845,0.013029041268824555
tanh,50,20,0.1,8,sgd,0.5613174041112264,0.006486598371547594
tanh,50,20,0.1,16,rmsprop,0.48281148076057434,0.049437113515412835
tanh,50,20,0.1,16,adam,0.5593834718068441,0.005006329009349673
tanh,50,20,0.1,16,sgd,0.5640202363332113,0.005931159612891035
tanh,50,20,0.1,32,rmsprop,0.5485469500223795,0.004377511592578931
tanh,50,20,0.1,32,adam,0.558997650941213,0.007374019956365027
tanh,50,20,0.1,32,sgd,0.5655715068181356,0.008224249271482834
tanh,50,20,0.2,8,rmsprop,0.5237911144892374,0.006156874539848144
tanh,50,20,0.2,8,adam,0.5489237507184347,0.023635118400425474
tanh,50,20,0.2,8,sgd,0.5686718225479126,0.012719086643588751
tanh,50,20,0.2,16,rmsprop,0.4405747652053833,0.08317234701195164
tanh,50,20,0.2,16,adam,0.546233057975769,0.009095718076700735
tanh,50,20,0.2,16,sgd,0.566730260848999,0.00914060708035001
tanh,50,20,0.2,32,rmsprop,0.5106290181477865,0.018388091044571935
tanh,50,20,0.2,32,adam,0.5586037834485372,0.016070693589305664
tanh,50,20,0.2,32,sgd,0.5562889774640402,0.007904029558302841
tanh,50,20,0.3,8,rmsprop,0.503282219171524,0.016123372433152074
tanh,50,20,0.3,8,adam,0.529206653436025,0.007123931655960665
tanh,50,20,0.3,8,sgd,0.5814351042111715,0.009559124852621106
tanh,50,20,0.3,16,rmsprop,0.4951462944348653,0.036417410821873566
tanh,50,20,0.3,16,adam,0.5377203226089478,0.01459810432959387
tanh,50,20,0.3,16,sgd,0.5512529412905375,0.009217518243840199
tanh,50,20,0.3,32,rmsprop,0.5237942536671957,0.00809155364916387
tanh,50,20,0.3,32,adam,0.5380966663360596,0.01548542491825411
tanh,50,20,0.3,32,sgd,0.5609289209047953,0.007625696506415524
relu,10,5,0.001,8,rmsprop,0.478530873854955,0.002162419631260709
relu,10,5,0.001,8,adam,0.4820084571838379,0.020707635631182237
relu,10,5,0.001,8,sgd,0.37912129362424213,0.04673421043493453
relu,10,5,0.001,16,rmsprop,0.5218607783317566,0.0072670681193401365
relu,10,5,0.001,16,adam,0.5206966201464335,0.008070652842352666
relu,10,5,0.001,16,sgd,0.42979754010836285,0.01942936697097363
relu,10,5,0.001,32,rmsprop,0.5365574955940247,0.003881052265997926
relu,10,5,0.001,32,adam,0.5458431839942932,0.00539602281250116
relu,10,5,0.001,32,sgd,0.4100800057252248,0.04088541960575536
relu,10,5,0.01,8,rmsprop,0.5721498727798462,0.008450336602213325
relu,10,5,0.01,8,adam,0.559768795967102,0.007298798452130707
relu,10,5,0.01,8,sgd,0.45377010107040405,0.024813863479301014
relu,10,5,0.01,16,rmsprop,0.5667343139648438,0.006443560147427712
relu,10,5,0.01,16,adam,0.5706035097440084,0.01008168983113368
relu,10,5,0.01,16,sgd,0.43441006541252136,0.035450581253188604
relu,10,5,0.01,32,rmsprop,0.5559076468149821,0.015549904483283252
relu,10,5,0.01,32,adam,0.5713791648546854,0.011081859178532254
relu,10,5,0.01,32,sgd,0.48316585024197894,0.011743664699499208
relu,10,5,0.1,8,rmsprop,0.5118034879366556,0.01495664150911654
relu,10,5,0.1,8,adam,0.5566657980283102,0.013511231394318512
relu,10,5,0.1,8,sgd,0.553581178188324,0.0052286537325644915
relu,10,5,0.1,16,rmsprop,0.5102495153745016,0.025820181246876028
relu,10,5,0.1,16,adam,0.5377167264620463,0.0036904322146976594
relu,10,5,0.1,16,sgd,0.5593834718068441,0.0055178407864183545
relu,10,5,0.1,32,rmsprop,0.5272745390733083,0.024378114145175378
relu,10,5,0.1,32,adam,0.5404361685117086,0.019543169652338804
relu,10,5,0.1,32,sgd,0.5497124195098877,0.022282717753126822
relu,10,5,0.2,8,rmsprop,0.4905414084593455,0.08133507022518412
relu,10,5,0.2,8,adam,0.4383084873358409,0.05117812908294715
relu,10,5,0.2,8,sgd,0.5400373538335165,0.004507037250404285
relu,10,5,0.2,16,rmsprop,0.5056293507417043,0.03825554652381173
relu,10,5,0.2,16,adam,0.5338502128918966,0.02187155549383781
relu,10,5,0.2,16,sgd,0.5396542350451151,0.010016664636256818
relu,10,5,0.2,32,rmsprop,0.45340898633003235,0.044397105243994726
relu,10,5,0.2,32,adam,0.479326734940211,0.07976052790157802
relu,10,5,0.2,32,sgd,0.5454659362634023,0.04035926935662297
relu,10,5,0.3,8,rmsprop,0.40700305501619977,0.11027376304042136
relu,10,5,0.3,8,adam,0.4007934232552846,0.03676023604297692
relu,10,5,0.3,8,sgd,0.556678831577301,0.010695110807003907
relu,10,5,0.3,16,rmsprop,0.49515528480211896,0.02192263607683885
relu,10,5,0.3,16,adam,0.4553366502126058,0.05105088296878296
relu,10,5,0.3,16,sgd,0.5299841165542603,0.015546460529868201
relu,10,5,0.3,32,rmsprop,0.4383170207341512,0.0369420298947445
relu,10,5,0.3,32,adam,0.44291741649309796,0.04314655983466417
relu,10,5,0.3,32,sgd,0.5466242432594299,0.023878628944443755
relu,10,10,0.001,8,rmsprop,0.5249399741490682,0.021461954060972666
relu,10,10,0.001,8,adam,0.5322944124539694,0.014203914874267105
relu,10,10,0.001,8,sgd,0.3938072721163432,0.029003168721182967
relu,10,10,0.001,16,rmsprop,0.5450684626897176,0.00770464799933202
relu,10,10,0.001,16,adam,0.5647990107536316,0.0050932372620411445
relu,10,10,0.001,16,sgd,0.3849204083283742,0.014270854507785828
relu,10,10,0.001,32,rmsprop,0.57176407178243,0.007293845115375161
relu,10,10,0.001,32,adam,0.5574486255645752,0.006175071109718618
relu,10,10,0.001,32,sgd,0.3872401515642802,0.012979259122392771
relu,10,10,0.01,8,rmsprop,0.5589985648790995,0.011668946248266188
relu,10,10,0.01,8,adam,0.5613174041112264,0.0038935555038723466
relu,10,10,0.01,8,sgd,0.5009642839431763,0.016921031996113337
relu,10,10,0.01,16,rmsprop,0.5524215698242188,0.019263656592704147
relu,10,10,0.01,16,adam,0.5829783082008362,0.004799131220187192
relu,10,10,0.01,16,sgd,0.5059980650742849,0.005925275179846095
relu,10,10,0.01,32,rmsprop,0.5698256293932596,0.0042927422681816865
relu,10,10,0.01,32,adam,0.5624824364980062,0.013150651861141307
relu,10,10,0.01,32,sgd,0.5179839134216309,0.013634121932362507
relu,10,10,0.1,8,rmsprop,0.529970626036326,0.018920358591943753
relu,10,10,0.1,8,adam,0.5562746127446493,0.023520064771756832
relu,10,10,0.1,8,sgd,0.550485372543335,0.00468574112401879
relu,10,10,0.1,16,rmsprop,0.51605357726415,0.0062518955462420155
relu,10,10,0.1,16,adam,0.5516342322031657,0.023862877459814264
relu,10,10,0.1,16,sgd,0.5675031940142313,0.00411276091401801
relu,10,10,0.1,32,rmsprop,0.5501045187314352,0.01738341873139885
relu,10,10,0.1,32,adam,0.5315367380777994,0.02228725007194594
relu,10,10,0.1,32,sgd,0.5760123531023661,0.00805276433599335
relu,10,10,0.2,8,rmsprop,0.47236212094624835,0.07807724557260368
relu,10,10,0.2,8,adam,0.49976194898287457,0.08194376285520634
relu,10,10,0.2,8,sgd,0.5682829022407532,0.008195136908575628
relu,10,10,0.2,16,rmsprop,0.5354019403457642,0.010412574677614325
relu,10,10,0.2,16,adam,0.5346388618151346,0.03489031841512436
relu,10,10,0.2,16,sgd,0.5628583431243896,0.008125327489452466
relu,10,10,0.2,32,rmsprop,0.36139113704363507,0.13878017510852375
relu,10,10,0.2,32,adam,0.5574445724487305,0.018452226077574494
relu,10,10,0.2,32,sgd,0.556291659673055,0.009893499729121343
relu,10,10,0.3,8,rmsprop,0.4398449460665385,0.022267038434096244
relu,10,10,0.3,8,adam,0.49595292409261066,0.02749983937200863
relu,10,10,0.3,8,sgd,0.5442959666252136,0.004051830100962035
relu,10,10,0.3,16,rmsprop,0.3868098755677541,0.0881729734981709
relu,10,10,0.3,16,adam,0.4998019337654114,0.019896169303470206
relu,10,10,0.3,16,sgd,0.5404298901557922,0.02319380851173639
relu,10,10,0.3,32,rmsprop,0.45919643839200336,0.018237932020095573
relu,10,10,0.3,32,adam,0.47777454058329266,0.037693778037651345
relu,10,10,0.3,32,sgd,0.5578299363454183,0.011665795794634653
relu,10,20,0.001,8,rmsprop,0.5601595242818197,0.013996941363015509
relu,10,20,0.001,8,adam,0.5640256206194559,0.00613569584736433
relu,10,20,0.001,8,sgd,0.39265526334444684,0.02007399024184174
relu,10,20,0.001,16,rmsprop,0.5671210090319315,0.0056899493231568135
relu,10,20,0.001,16,adam,0.565957764784495,0.0015359246682506858
relu,10,20,0.001,16,sgd,0.4359905421733856,0.04907901097457127
relu,10,20,0.001,32,rmsprop,0.5713818470637003,0.018790378432802544
relu,10,20,0.001,32,adam,0.5690540472666422,0.011388102545430845
relu,10,20,0.001,32,sgd,0.3911030789216359,0.01094199623299738
relu,10,20,0.01,8,rmsprop,0.5628605882326762,0.007233384301517118
relu,10,20,0.01,8,adam,0.5775681138038635,0.010339368547478557
relu,10,20,0.01,8,sgd,0.5427451133728027,0.004283880109089001
relu,10,20,0.01,16,rmsprop,0.5705918471018473,0.015869938033228868
relu,10,20,0.01,16,adam,0.5729174216588339,0.007931278231446282
relu,10,20,0.01,16,sgd,0.5427505175272623,0.007278283607882687
relu,10,20,0.01,32,rmsprop,0.5616910656293234,0.020876680699657344
relu,10,20,0.01,32,adam,0.5822013020515442,0.006861914514661469
relu,10,20,0.01,32,sgd,0.5504831274350485,0.002950297010818081
relu,10,20,0.1,8,rmsprop,0.5442901253700256,0.008798713485331185
relu,10,20,0.1,8,adam,0.540428102016449,0.01951234119271804
relu,10,20,0.1,8,sgd,0.5736944079399109,0.0014213808025721395
relu,10,20,0.1,16,rmsprop,0.5191556811332703,0.026695567629595927
relu,10,20,0.1,16,adam,0.5493234793345133,0.0057461636302629975
relu,10,20,0.1,16,sgd,0.5605404178301493,0.012967862540698398
relu,10,20,0.1,32,rmsprop,0.5350107153256735,0.02753718028675576
relu,10,20,0.1,32,adam,0.5582282940546671,0.01637730276449523
relu,10,20,0.1,32,sgd,0.5640202363332113,0.011335282525542861
relu,10,20,0.2,8,rmsprop,0.4325273235638936,0.09741651423483409
relu,10,20,0.2,8,adam,0.48474453886349994,0.050218601591226965
relu,10,20,0.2,8,sgd,0.5369442105293274,0.017532588089490063
relu,10,20,0.2,16,rmsprop,0.43289966384569806,0.09070383384668308
relu,10,20,0.2,16,adam,0.5322921673456827,0.017553413147312662
relu,10,20,0.2,16,sgd,0.5694407423337301,0.007297543779283699
relu,10,20,0.2,32,rmsprop,0.4583727518717448,0.07739750218599611
relu,10,20,0.2,32,adam,0.5102342367172241,0.04570625173160093
relu,10,20,0.2,32,sgd,0.5783316294352213,0.016812129184389187
relu,10,20,0.3,8,rmsprop,0.4332805275917053,0.07462141563431553
relu,10,20,0.3,8,adam,0.3628710110982259,0.11797039366691955
relu,10,20,0.3,8,sgd,0.5593807697296143,0.0024233459632227467
relu,10,20,0.3,16,rmsprop,0.3740852375825246,0.0789585766108983
relu,10,20,0.3,16,adam,0.40080374975999195,0.1348415433792086
relu,10,20,0.3,16,sgd,0.5636362234751383,0.004742094791034911
relu,10,20,0.3,32,rmsprop,0.37644270559151966,0.11529371525933857
relu,10,20,0.3,32,adam,0.5005968908468882,0.03154886795057616
relu,10,20,0.3,32,sgd,0.5667289098103842,0.016608566843708178
relu,20,5,0.001,8,rmsprop,0.45417701204617816,0.03494200619027712
relu,20,5,0.001,8,adam,0.48471174637476605,0.017927044001972012
relu,20,5,0.001,8,sgd,0.3470168610413869,0.02844435640765612
relu,20,5,0.001,16,rmsprop,0.4819967846075694,0.03017148449110106
relu,20,5,0.001,16,adam,0.5199223359425863,0.00806914305289815
relu,20,5,0.001,16,sgd,0.37449394663174945,0.06428981932019873
relu,20,5,0.001,32,rmsprop,0.5183795789877573,0.017112041983014418
relu,20,5,0.001,32,adam,0.5350120862325033,0.007566065341516232
relu,20,5,0.001,32,sgd,0.3934282163778941,0.008635135613245581
relu,20,5,0.01,8,rmsprop,0.5682824452718099,0.014651661478584556
relu,20,5,0.01,8,adam,0.5651780764261881,0.02201009859425668
relu,20,5,0.01,8,sgd,0.39961042006810504,0.016403420422236387
relu,20,5,0.01,16,rmsprop,0.5531940460205078,0.008907004504219886
relu,20,5,0.01,16,adam,0.576792041460673,0.0059620950696352955
relu,20,5,0.01,16,sgd,0.3910999298095703,0.013184383667554376
relu,20,5,0.01,32,rmsprop,0.5617009600003561,0.014839156021819766
relu,20,5,0.01,32,adam,0.5740847190221151,0.009876570832001517
relu,20,5,0.01,32,sgd,0.4379177490870158,0.012425457710180957
relu,20,5,0.1,8,rmsprop,0.5435185233751932,0.014116160576236214
relu,20,5,0.1,8,adam,0.5307301183541616,0.04488000277364922
relu,20,5,0.1,8,sgd,0.5381110310554504,0.014501728289826696
relu,20,5,0.1,16,rmsprop,0.5183638830979665,0.021967625732834978
relu,20,5,0.1,16,adam,0.5574544668197632,0.01427321515085602
relu,20,5,0.1,16,sgd,0.5411907235781351,0.015604171170527141
relu,20,5,0.1,32,rmsprop,0.5257272919019064,0.02676132101496673
relu,20,5,0.1,32,adam,0.5644060373306274,0.021207060380003324
relu,20,5,0.1,32,sgd,0.5454506675402323,0.007230937269303504
relu,20,5,0.2,8,rmsprop,0.44683244824409485,0.04418565820545658
relu,20,5,0.2,8,adam,0.5257313350836436,0.02826016245942849
relu,20,5,0.2,8,sgd,0.5342490077018738,0.02390131274931076
relu,20,5,0.2,16,rmsprop,0.4704272747039795,0.06255846829750139
relu,20,5,0.2,16,adam,0.5276684065659841,0.023491566398634256
relu,20,5,0.2,16,sgd,0.5152981380621592,0.04270846434092173
relu,20,5,0.2,32,rmsprop,0.4293852349122365,0.03202056216387879
relu,20,5,0.2,32,adam,0.5578348636627197,0.0139129721932204
relu,20,5,0.2,32,sgd,0.5640224814414978,0.01615768794574002
relu,20,5,0.3,8,rmsprop,0.38488807280858356,0.052895843675958926
relu,20,5,0.3,8,adam,0.5191462536652883,0.031174313042239082
relu,20,5,0.3,8,sgd,0.5087108115355173,0.013197964349868228
relu,20,5,0.3,16,rmsprop,0.4387207825978597,0.1123101218854448
relu,20,5,0.3,16,adam,0.5342269937197367,0.016407004551436673
relu,20,5,0.3,16,sgd,0.5501040617624918,0.016439345062921884
relu,20,5,0.3,32,rmsprop,0.4696458081404368,0.0252250839028127
relu,20,5,0.3,32,adam,0.49828432003657025,0.08107267441974676
relu,20,5,0.3,32,sgd,0.5423696438471476,0.022708331985616982
relu,20,10,0.001,8,rmsprop,0.49244119723637897,0.027920249121242278
relu,20,10,0.001,8,adam,0.5195405880610148,0.009373308382386559
relu,20,10,0.001,8,sgd,0.3628710110982259,0.016114590674375134
relu,20,10,0.001,16,rmsprop,0.5307530164718628,0.009782847564652655
relu,20,10,0.001,16,adam,0.5446840127309164,0.00690366599619463
relu,20,10,0.001,16,sgd,0.408120463291804,0.006516061162059899
relu,20,10,0.001,32,rmsprop,0.5485487182935079,0.0011683133393470449
relu,20,10,0.001,32,adam,0.5555142362912496,0.0099481363978305
relu,20,10,0.001,32,sgd,0.3996063868204753,0.012369116611482144
relu,20,10,0.01,8,rmsprop,0.562870462735494,0.014459350491102113
relu,20,10,0.01,8,adam,0.5632508993148804,0.007978641055393587
relu,20,10,0.01,8,sgd,0.46381211280822754,0.03441138138943272
relu,20,10,0.01,16,rmsprop,0.5644114017486572,0.011637812045104758
relu,20,10,0.01,16,adam,0.5736961960792542,0.018767365068864332
relu,20,10,0.01,16,sgd,0.4441075921058655,0.05733950188110706
relu,20,10,0.01,32,rmsprop,0.5702033638954163,0.017613765651365437
relu,20,10,0.01,32,adam,0.5570605993270874,0.0026220394974766277
relu,20,10,0.01,32,sgd,0.4909128248691559,0.011681402886085376
relu,20,10,0.1,8,rmsprop,0.5481741627057394,0.029520355113295132
relu,20,10,0.1,8,adam,0.5535816550254822,0.02033838521506016
relu,20,10,0.1,8,sgd,0.5547314087549845,0.013660658162920503
relu,20,10,0.1,16,rmsprop,0.4994179407755534,0.040390241792499795
relu,20,10,0.1,16,adam,0.5512677530447642,0.04036961207331038
relu,20,10,0.1,16,sgd,0.559384802977244,0.007129976513853206
relu,20,10,0.1,32,rmsprop,0.5226399898529053,0.022349756019173425
relu,20,10,0.1,32,adam,0.5702114502588908,0.006178786971384433
relu,20,10,0.1,32,sgd,0.5713728864987692,0.008560679930308445
relu,20,10,0.2,8,rmsprop,0.4990132749080658,0.04633930116914978
relu,20,10,0.2,8,adam,0.5350035429000854,0.012559790940668572
relu,20,10,0.2,8,sgd,0.5690436959266663,0.016264948465728794
relu,20,10,0.2,16,rmsprop,0.46731171011924744,0.014691325905322706
relu,20,10,0.2,16,adam,0.531127134958903,0.025918795707700053
relu,20,10,0.2,16,sgd,0.5775631864865621,0.0033672902516734683
relu,20,10,0.2,32,rmsprop,0.4843591849009196,0.09153159024002354
relu,20,10,0.2,32,adam,0.4882346987724304,0.07892713656086016
relu,20,10,0.2,32,sgd,0.557824989159902,0.01590353393115414
relu,20,10,0.3,8,rmsprop,0.4143552432457606,0.15601041266971147
relu,20,10,0.3,8,adam,0.5257088939348856,0.0316884680234066
relu,20,10,0.3,8,sgd,0.5473971764246622,0.02942268865506452
relu,20,10,0.3,16,rmsprop,0.42550479372342426,0.054147165462439695
relu,20,10,0.3,16,adam,0.46540292104085285,0.06130895211421699
relu,20,10,0.3,16,sgd,0.5489376783370972,0.009413220393414306
relu,20,10,0.3,32,rmsprop,0.4990294377009074,0.009142375695040093
relu,20,10,0.3,32,adam,0.5210833350817362,0.0037995640541520206
relu,20,10,0.3,32,sgd,0.5415787498156229,0.029708541614932575
relu,20,20,0.001,8,rmsprop,0.5427496234575907,0.006955447936686241
relu,20,20,0.001,8,adam,0.5539651910463969,0.003315375707534606
relu,20,20,0.001,8,sgd,0.36133814851442975,0.04628459914453349
relu,20,20,0.001,16,rmsprop,0.5605413118998209,0.007122673848607942
relu,20,20,0.001,16,adam,0.5574445923169454,0.004181978069297704
relu,20,20,0.001,16,sgd,0.43828557928403217,0.03369122280026571
relu,20,20,0.001,32,rmsprop,0.5632522304852804,0.007906416251691507
relu,20,20,0.001,32,adam,0.5713760256767273,0.007196461093260199
relu,20,20,0.001,32,sgd,0.4112365146478017,0.03717797387743377
relu,20,20,0.01,8,rmsprop,0.5682775179545084,0.006891365201056042
relu,20,20,0.01,8,adam,0.5705936352411906,0.010999448022811203
relu,20,20,0.01,8,sgd,0.5009642740090688,0.007032607206825425
relu,20,20,0.01,16,rmsprop,0.5717649857203165,0.009774376172817971
relu,20,20,0.01,16,adam,0.5721427003542582,0.010944102444216102
relu,20,20,0.01,16,sgd,0.5241737564404806,0.007663556581842898
relu,20,20,0.01,32,rmsprop,0.5582260688145956,0.012672119166968414
relu,20,20,0.01,32,adam,0.5767830610275269,0.011336958183860485
relu,20,20,0.01,32,sgd,0.5276567339897156,0.015124402107802517
relu,20,20,0.1,8,rmsprop,0.5175824066003164,0.03502054635926523
relu,20,20,0.1,8,adam,0.5651776393254598,0.012545083341688041
relu,20,20,0.1,8,sgd,0.573310395081838,0.011662510568450695
relu,20,20,0.1,16,rmsprop,0.5578258832295736,0.014824086053096324
relu,20,20,0.1,16,adam,0.5555034677187601,0.016769502389531527
relu,20,20,0.1,16,sgd,0.5558941960334778,0.009961023201095941
relu,20,20,0.1,32,rmsprop,0.54816202322642,0.001236348089428779
relu,20,20,0.1,32,adam,0.5586100618044535,0.00945529667825233
relu,20,20,0.1,32,sgd,0.5640215873718262,0.005592980858079998
relu,20,20,0.2,8,rmsprop,0.4615103503068288,0.06069520588183472
relu,20,20,0.2,8,adam,0.5435279409090678,0.017435576323311705
relu,20,20,0.2,8,sgd,0.5744696060816447,0.014942149749861664
relu,20,20,0.2,16,rmsprop,0.5257178743680319,0.01374196871172298
relu,20,20,0.2,16,adam,0.5419829686482748,0.022104792380578636
relu,20,20,0.2,16,sgd,0.5539705753326416,0.00998249417811604
relu,20,20,0.2,32,rmsprop,0.48665915926297504,0.011610862273979866
relu,20,20,0.2,32,adam,0.5485487182935079,0.007183923767392249
relu,20,20,0.2,32,sgd,0.5586127440134684,0.010163137155173923
relu,20,20,0.3,8,rmsprop,0.4924546778202057,0.007828039107032324
relu,20,20,0.3,8,adam,0.4657325744628906,0.06235319396452827
relu,20,20,0.3,8,sgd,0.5601658423741659,0.03227167693100098
relu,20,20,0.3,16,rmsprop,0.46849290529886883,0.0429353551042518
relu,20,20,0.3,16,adam,0.5323087771733602,0.01342488339009789
relu,20,20,0.3,16,sgd,0.5620854099591573,0.006949476640945027
relu,20,20,0.3,32,rmsprop,0.4657716552416484,0.030802644540867376
relu,20,20,0.3,32,adam,0.5087220271428426,0.03381502174616653
relu,20,20,0.3,32,sgd,0.5508514245351156,0.03653843156524581
relu,50,5,0.001,8,rmsprop,0.43094371755917865,0.03768032091776124
relu,50,5,0.001,8,adam,0.4510798354943593,0.03294627222084051
relu,50,5,0.001,8,sgd,0.28437453508377075,0.07756478890397578
relu,50,5,0.001,16,rmsprop,0.47465895613034564,0.006010474546995334
relu,50,5,0.001,16,adam,0.42399438222249347,0.018321611591251216
relu,50,5,0.001,16,sgd,0.31217365463574726,0.04258702178897166
relu,50,5,0.001,32,rmsprop,0.4839316209157308,0.026074289684248613
relu,50,5,0.001,32,adam,0.4912990729014079,0.008771099455282653
relu,50,5,0.001,32,sgd,0.27236312131086987,0.042244274018057394
relu,50,5,0.01,8,rmsprop,0.5497110883394877,0.005661527436398571
relu,50,5,0.01,8,adam,0.5516508420308431,0.012665334249050225
relu,50,5,0.01,8,sgd,0.415496031443278,0.04242660142966267
relu,50,5,0.01,16,rmsprop,0.562086284160614,0.007863578172456516
relu,50,5,0.01,16,adam,0.5675081610679626,0.007406657882158794
relu,50,5,0.01,16,sgd,0.3849114278952281,0.0036666883981486954
relu,50,5,0.01,32,rmsprop,0.5597701668739319,0.005019287666307877
relu,50,5,0.01,32,adam,0.5725334286689758,0.01233852752898467
relu,50,5,0.01,32,sgd,0.4034818907578786,0.017530388226111106
relu,50,5,0.1,8,rmsprop,0.5365651448567709,0.02441320155283401
relu,50,5,0.1,8,adam,0.5709875424702963,0.007825664802390945
relu,50,5,0.1,8,sgd,0.4998109042644501,0.009241502322321134
relu,50,5,0.1,16,rmsprop,0.5806504885355631,0.014466534358704923
relu,50,5,0.1,16,adam,0.5690495570500692,0.00941884434440149
relu,50,5,0.1,16,sgd,0.5214677850405375,0.008612434545718594
relu,50,5,0.1,32,rmsprop,0.5497097373008728,0.001910396563941678
relu,50,5,0.1,32,adam,0.565953254699707,0.019983014169096393
relu,50,5,0.1,32,sgd,0.5083173513412476,0.003799047398512456
relu,50,5,0.2,8,rmsprop,0.5029116868972778,0.040646664091263454
relu,50,5,0.2,8,adam,0.5601586500803629,0.01007764343604261
relu,50,5,0.2,8,sgd,0.5454574028650919,0.00555708141798395
relu,50,5,0.2,16,rmsprop,0.4866483807563782,0.029630892420637427
relu,50,5,0.2,16,adam,0.5458391706148783,0.006250887250985526
relu,50,5,0.2,16,sgd,0.543134073416392,0.0034987484361244108
relu,50,5,0.2,32,rmsprop,0.5377225478490194,0.009100452614906029
relu,50,5,0.2,32,adam,0.5613174041112264,0.004117549933916941
relu,50,5,0.2,32,sgd,0.5350170334180196,0.014975735924795694
relu,50,5,0.3,8,rmsprop,0.520318458477656,0.02402114460085321
relu,50,5,0.3,8,adam,0.5655683676401774,0.006989628154313683
relu,50,5,0.3,8,sgd,0.5400409499804179,0.0056021679795331195
relu,50,5,0.3,16,rmsprop,0.4603614807128906,0.056642380857640125
relu,50,5,0.3,16,adam,0.5377203027407328,0.01820814583371108
relu,50,5,0.3,16,sgd,0.5524107813835144,0.015406308955602245
relu,50,5,0.3,32,rmsprop,0.49399563670158386,0.03132369667994384
relu,50,5,0.3,32,adam,0.5485541224479675,0.009762948712995918
relu,50,5,0.3,32,sgd,0.5586037834485372,0.008357820712825351
relu,50,10,0.001,8,rmsprop,0.43559261163075763,0.021866162447614242
relu,50,10,0.001,8,adam,0.45103806257247925,0.04721082211951828
relu,50,10,0.001,8,sgd,0.32842933138211566,0.04463135717131969
relu,50,10,0.001,16,rmsprop,0.4839392403761546,0.026992519845980705
relu,50,10,0.001,16,adam,0.5067710479100546,0.002243446171064337
relu,50,10,0.001,16,sgd,0.3613242208957672,0.06415878932899766
relu,50,10,0.001,32,rmsprop,0.5268837809562683,0.0072437420674109545
relu,50,10,0.001,32,adam,0.5357850193977356,0.004153813334416565
relu,50,10,0.001,32,sgd,0.3713909288247426,0.07159643325951423
relu,50,10,0.01,8,rmsprop,0.5717622637748718,0.013360234113125206
relu,50,10,0.01,8,adam,0.5589967568715414,0.010567097825274468
relu,50,10,0.01,8,sgd,0.4088880221048991,0.036552816378607474
relu,50,10,0.01,16,rmsprop,0.5740824540456136,0.0026439289676811846
relu,50,10,0.01,16,adam,0.576404889424642,0.011427779519066062
relu,50,10,0.01,16,sgd,0.3984561661879222,0.01351277570351339
relu,50,10,0.01,32,rmsprop,0.573697547117869,0.011099998179426496
relu,50,10,0.01,32,adam,0.5682864983876547,0.01967957692191359
relu,50,10,0.01,32,sgd,0.43055522441864014,0.0165057545687681
relu,50,10,0.1,8,rmsprop,0.48899416128794354,0.07427871065706448
relu,50,10,0.1,8,adam,0.570984403292338,0.011534171664351098
relu,50,10,0.1,8,sgd,0.531522810459137,0.009746305593780433
relu,50,10,0.1,16,rmsprop,0.5369374752044678,0.012085482934587362
relu,50,10,0.1,16,adam,0.5725347797075907,0.006382395738498836
relu,50,10,0.1,16,sgd,0.5419748822848002,0.0101262239780835
relu,50,10,0.1,32,rmsprop,0.5520344177881876,0.019971391024795844
relu,50,10,0.1,32,adam,0.5578299164772034,0.020130917089149422
relu,50,10,0.1,32,sgd,0.5454529325167338,0.0055983830483429435
relu,50,10,0.2,8,rmsprop,0.5079077581564585,0.043392511830006315
relu,50,10,0.2,8,adam,0.4889865318934123,0.07644738721862027
relu,50,10,0.2,8,sgd,0.5632499853769938,0.0020786448971675214
relu,50,10,0.2,16,rmsprop,0.5106483399868011,0.02504119262268505
relu,50,10,0.2,16,adam,0.5373291174570719,0.02668990472279079
relu,50,10,0.2,16,sgd,0.5551257332166036,0.0014211285387186175
relu,50,10,0.2,32,rmsprop,0.5373304684956869,0.01374467963363236
relu,50,10,0.2,32,adam,0.5756332874298096,0.012743164648551191
relu,50,10,0.2,32,sgd,0.5547394951184591,0.0053296687273765575
relu,50,10,0.3,8,rmsprop,0.5245752731959025,0.04203945568996211
relu,50,10,0.3,8,adam,0.5446808735529581,0.005209736886458302
relu,50,10,0.3,8,sgd,0.5427464842796326,0.03125898135485626
relu,50,10,0.3,16,rmsprop,0.5203162233034769,0.013572460992680923
relu,50,10,0.3,16,adam,0.5497151215871176,0.018749588786698013
relu,50,10,0.3,16,sgd,0.5632477601369222,0.004020525478550356
relu,50,10,0.3,32,rmsprop,0.4831802248954773,0.024395492555039904
relu,50,10,0.3,32,adam,0.5373354057470957,0.028755245330809427
relu,50,10,0.3,32,sgd,0.5651875336964926,0.0069418029851914835
relu,50,20,0.001,8,rmsprop,0.49749433000882465,0.03518076158745075
relu,50,20,0.001,8,adam,0.5284409125645956,0.014752515100945045
relu,50,20,0.001,8,sgd,0.393425057331721,0.0035749265221694548
relu,50,20,0.001,16,rmsprop,0.5419739882151285,0.005117424819232762
relu,50,20,0.001,16,adam,0.5470028519630432,0.004577079251250518
relu,50,20,0.001,16,sgd,0.388779749472936,0.010862485305492723
relu,50,20,0.001,32,rmsprop,0.5558987061182658,0.003140734331621194
relu,50,20,0.001,32,adam,0.555511991182963,0.0017751634056887018
relu,50,20,0.001,32,sgd,0.4386763075987498,0.01779991475506422
relu,50,20,0.01,8,rmsprop,0.5771737893422445,0.01118329787181247
relu,50,20,0.01,8,adam,0.5729201237360636,0.008120079905867132
relu,50,20,0.01,8,sgd,0.39264628291130066,0.013568242762771122
relu,50,20,0.01,16,rmsprop,0.5748536189397176,0.012549650334055246
relu,50,20,0.01,16,adam,0.5671196579933167,0.007297043713728487
relu,50,20,0.01,16,sgd,0.43947171171506244,0.03960556074724147
relu,50,20,0.01,32,rmsprop,0.5690517822901408,0.00386894005076081
relu,50,20,0.01,32,adam,0.5671232342720032,0.011168542931513236
relu,50,20,0.01,32,sgd,0.4653728206952413,0.008447061932425224
relu,50,20,0.1,8,rmsprop,0.5257403155167898,0.031067008638490778
relu,50,20,0.1,8,adam,0.5752425591150919,0.004042496887698619
relu,50,20,0.1,8,sgd,0.558607816696167,0.0020776217577185307
relu,50,20,0.1,16,rmsprop,0.5199174086252848,0.01635165485768789
relu,50,20,0.1,16,adam,0.5644087394078573,0.006180016616396509
relu,50,20,0.1,16,sgd,0.5698256492614746,0.013744010408739692
relu,50,20,0.1,32,rmsprop,0.5644028981526693,0.013775903215346512
relu,50,20,0.1,32,adam,0.5628596941630045,0.007531174170735186
relu,50,20,0.1,32,sgd,0.5671183069547018,0.0024389913645810144
relu,50,20,0.2,8,rmsprop,0.4893844525019328,0.07469188664522058
relu,50,20,0.2,8,adam,0.5268923143545786,0.021510430011976143
relu,50,20,0.2,8,sgd,0.5640247265497843,0.007625572280333879
relu,50,20,0.2,16,rmsprop,0.5365633567174276,0.031099595071924044
relu,50,20,0.2,16,adam,0.564790944258372,0.016100547195004082
relu,50,20,0.2,16,sgd,0.5655706326166788,0.002368310157308928
relu,50,20,0.2,32,rmsprop,0.5389001568158468,0.041140501671464234
relu,50,20,0.2,32,adam,0.5593771934509277,0.007819885859880589
relu,50,20,0.2,32,sgd,0.5717600186665853,0.011368955818902222
relu,50,20,0.3,8,rmsprop,0.39383287727832794,0.1284331300021803
relu,50,20,0.3,8,adam,0.49937525391578674,0.08162632784806527
relu,50,20,0.3,8,sgd,0.5628588000933329,0.00826445329685307
relu,50,20,0.3,16,rmsprop,0.45800984899202984,0.0345492453637761
relu,50,20,0.3,16,adam,0.5338367223739624,0.023643027264348415
relu,50,20,0.3,16,sgd,0.5636348923047384,0.018667169612167578
relu,50,20,0.3,32,rmsprop,0.5369455615679423,0.004851650936533579
relu,50,20,0.3,32,adam,0.5392545262972513,0.01983045023844181
relu,50,20,0.3,32,sgd,0.5473976333936056,0.017477715966123204
