pair_id,url1_lang,url2_lang,narrative,overall
1484396422_1483924666,en,en,4.0,3.6666666666666665
1484698254_1483758694,en,en,2.333333333333333,2.333333333333333
1484189120_1484113136,en,en,1.75,2.0
1484011751_1483920335,en,en,1.0,4.0
1484035244_1483938857,en,en,4.0,3.333333333333333
1484396075_1483794933,en,en,3.333333333333333,2.6666666666666665
1483805613_1484204537,en,en,3.5,3.5
1484084344_1484110209,en,en,4.0,4.0
1484035749_1484140713,en,en,1.0,1.0
1484190154_1484161410,en,en,4.0,4.0
1484037160_1484286023,en,en,3.6666666666666665,3.6666666666666665
1484189390_1484049687,en,en,4.0,4.0
1484455044_1483944422,en,en,3.6666666666666665,4.0
1484039737_1485714745,en,en,3.75,4.0
1484010577_1484258986,en,en,2.6666666666666665,4.0
1484763364_1484396470,en,en,1.0,1.0
1484009419_1484201245,en,en,2.0,2.6666666666666665
1484010878_1484010762,en,en,3.5,4.0
1484401425_1484325303,en,en,2.0,1.6666666666666667
1484037526_1484138375,en,en,2.0,1.3333333333333333
1577285824_1543216221,en,en,3.333333333333333,3.333333333333333
1507500205_1483823477,en,en,1.6666666666666667,2.0
1484759945_1484273586,en,en,1.6666666666666667,1.3333333333333333
1484191118_1484925367,en,en,3.333333333333333,4.0
1507536783_1484348111,en,en,3.0,3.6666666666666665
1484033131_1484067215,en,en,4.0,3.333333333333333
1484190337_1484139177,en,en,1.3333333333333333,1.0
1498601317_1483894995,en,en,4.0,4.0
1484451939_1483782560,en,en,2.0,2.0
1484011108_1483942482,en,en,2.0,1.6666666666666667
1484010981_1483980655,en,en,1.6666666666666667,2.333333333333333
1484036411_1484054675,en,en,1.0,1.0
1484008954_1484258247,en,en,4.0,4.0
1483805310_1483968177,en,en,4.0,4.0
1484039502_1483854727,en,en,3.333333333333333,4.0
1517420924_1484120724,en,en,3.6666666666666665,4.0
1484459085_1483934248,en,en,1.6666666666666667,1.3333333333333333
1484037964_1486947742,en,en,3.6666666666666665,3.333333333333333
1484037802_1483863439,en,en,2.5,2.0
1484395660_1484161861,en,en,3.6666666666666665,3.333333333333333
1484009190_1484322080,en,en,1.3333333333333333,1.0
1483805539_1484079569,en,en,3.6666666666666665,3.333333333333333
1484033151_1484090252,en,en,4.0,4.0
1484038236_1483956394,en,en,1.3333333333333333,1.0
1484188934_1484107894,en,en,2.6666666666666665,3.0
1484010585_1483901012,en,en,3.6666666666666665,3.6666666666666665
1484188438_1484307177,en,en,3.6666666666666665,3.6666666666666665
1484703275_1483906669,en,en,4.0,3.6666666666666665
1484395547_1484362668,en,en,3.333333333333333,3.333333333333333
1484188852_1483860208,en,en,3.5,4.0
1484189121_1484144511,en,en,2.0,1.6666666666666667
1484034100_1484435197,en,en,2.0,3.333333333333333
1483805535_1484264492,en,en,1.0,1.0
1484188759_1484180057,en,en,4.0,4.0
1484182172_1485131357,en,en,2.333333333333333,3.0
1484035406_1484036622,en,en,4.0,3.6666666666666665
1484009481_1484260950,en,en,3.6666666666666665,4.0
1484038723_1484148895,en,en,3.333333333333333,3.333333333333333
1484188515_1485021532,en,en,1.0,1.0
1484399507_1484337946,en,en,2.0,2.0
1483806468_1484207629,en,en,3.6666666666666665,4.0
1483804040_1483794245,en,en,3.0,3.0
1484110512_1484110557,en,en,4.0,3.6666666666666665
1484191154_1483788550,en,en,4.0,4.0
1484011341_1484425668,en,en,2.6666666666666665,2.333333333333333
1484188816_1485144687,en,en,3.333333333333333,3.333333333333333
1484011981_1484107425,en,en,4.0,4.0
1484450551_1484315516,en,en,4.0,3.6666666666666665
1484035232_1483850196,en,en,4.0,3.6666666666666665
1484013343_1484101987,en,en,4.0,4.0
1483805174_1483805823,en,en,1.0,1.0
1484188803_1483977341,en,en,4.0,4.0
1484040117_1484432868,en,en,1.3333333333333333,1.3333333333333333
1484452380_1483747717,en,en,2.0,2.333333333333333
1484012660_1483829528,en,en,3.0,3.6666666666666665
1484189114_1486773359,en,en,4.0,4.0
1483806152_1483934522,en,en,3.333333333333333,4.0
1484184080_1484258269,en,en,1.0,1.0
1484452449_1483829079,en,en,1.6666666666666667,2.0
1484037348_1484256518,en,en,3.6666666666666665,3.6666666666666665
1484033307_1484189044,en,en,3.333333333333333,3.333333333333333
1484189171_1484189002,en,en,3.333333333333333,3.333333333333333
1484399534_1484274981,en,en,3.6666666666666665,4.0
1484815695_1484422393,en,en,3.5,3.75
1484698279_1484161230,en,en,2.0,2.6666666666666665
1484012425_1484129449,en,en,3.6666666666666665,3.333333333333333
1484453990_1483906597,en,en,3.0,2.6666666666666665
1567178324_1483999027,en,en,3.0,4.0
1483803475_1484325616,en,en,3.0,3.0
1483803630_1484010218,en,en,4.0,3.6666666666666665
1484037269_1484205005,en,en,3.8333333333333335,3.6666666666666665
1484035175_1483836201,en,en,2.6666666666666665,3.333333333333333
1484007548_1484302968,en,en,3.333333333333333,4.0
1484010517_1483911539,en,en,2.333333333333333,3.0
1484703281_1484212504,en,en,2.6666666666666665,3.333333333333333
1484033432_1484109196,en,en,4.0,4.0
1484010929_1484423871,en,en,2.333333333333333,3.333333333333333
1484396470_1484271515,en,en,1.3333333333333333,1.0
1484010070_1484011253,en,en,3.333333333333333,3.0
1484183164_1483932705,en,en,4.0,4.0
1485854478_1483744184,en,en,4.0,4.0
1484039581_1484056975,en,en,4.0,4.0
1484188484_1484469914,en,en,2.6666666666666665,2.333333333333333
1484010581_1484085826,en,en,3.333333333333333,3.0
1484011373_1484389832,en,en,3.5,4.0
1484039112_1484183344,en,en,4.0,4.0
1484189234_1484166253,en,en,3.333333333333333,3.333333333333333
1484189270_1484160322,en,en,3.6666666666666665,3.6666666666666665
1484013281_1483979846,en,en,2.0,3.333333333333333
1484189905_1484242864,en,en,4.0,4.0
1484011931_1484140021,en,en,1.0,1.0
1484033417_1484361053,en,en,1.6666666666666667,1.6666666666666667
1484035908_1484076956,en,en,3.333333333333333,3.333333333333333
1484188537_1484177127,en,en,1.6666666666666667,1.0
1484012582_1483989589,en,en,3.333333333333333,4.0
1484188801_1484188389,en,en,1.6666666666666667,2.333333333333333
1484039840_1484003157,en,en,4.0,4.0
1484189445_1484002621,en,en,1.3333333333333333,1.3333333333333333
1484397224_1484072830,en,en,4.0,4.0
1484182179_1484211715,en,en,4.0,4.0
1484011207_1484201230,en,en,4.0,4.0
1484010803_1483872450,en,en,3.6666666666666665,3.333333333333333
1484010513_1483764624,en,en,3.6666666666666665,3.0
1484395957_1484744791,en,en,4.0,4.0
1484010793_1484108263,en,en,4.0,4.0
1581124670_1484049885,en,en,4.0,4.0
1483803603_1483802385,en,en,1.6666666666666667,1.3333333333333333
1484038482_1483918010,en,en,4.0,4.0
1484011103_1484348089,en,en,3.0,4.0
1484698308_1587130797,en,en,1.3333333333333333,1.3333333333333333
1484012842_1483880217,en,en,2.333333333333333,2.333333333333333
1484189425_1484273465,en,en,1.3333333333333333,1.0
1484039914_1484252230,en,en,3.0,4.0
1484013692_1483743533,en,en,1.6666666666666667,2.0
1484008249_1483798429,en,en,3.0,4.0
1484037374_1484034933,en,en,1.5,1.0
1484765381_1543550230,en,en,4.0,4.0
1484007543_1484306041,en,en,2.0,1.6666666666666667
1484013267_1484277419,en,en,3.5,3.0
1484034689_1483777901,en,en,3.0,4.0
1483805962_1484248183,en,en,4.0,4.0
1484012125_1483996660,en,en,4.0,4.0
1484036494_1484370272,en,en,2.0,4.0
1484457656_1484211715,en,en,4.0,3.6666666666666665
1484039710_1484139161,en,en,4.0,4.0
1543560406_1543583268,en,en,2.333333333333333,3.333333333333333
1484008702_1483879790,en,en,1.6666666666666667,1.6666666666666667
1484013363_1484326911,en,en,3.333333333333333,4.0
1484035385_1483994651,en,en,3.0,3.5
1484032827_1484047456,en,en,4.0,4.0
1484188817_1483859640,en,en,4.0,4.0
1484188331_1484347237,en,en,4.0,4.0
1497163696_1484148198,en,en,4.0,4.0
1509331827_1484238519,en,en,4.0,4.0
1484039911_1575834546,en,en,4.0,4.0
1484703241_1483770664,en,en,4.0,3.6666666666666665
1484189636_1483762675,en,en,3.6666666666666665,2.6666666666666665
1484010802_1483989600,en,en,1.6666666666666667,1.3333333333333333
1484450708_1484441939,en,en,2.0,2.0
1484036424_1483993058,en,en,3.333333333333333,3.333333333333333
1484188536_1484347036,en,en,4.0,4.0
1484032823_1484047456,en,en,4.0,3.6666666666666665
1484010430_1483864543,en,en,3.333333333333333,3.0
1483803657_1483830300,en,en,1.3333333333333333,1.0
1517606890_1484150492,en,en,4.0,4.0
1484036547_1484093428,en,en,3.333333333333333,3.333333333333333
1484299489_1484110209,en,en,4.0,4.0
1484011155_1484051011,en,en,3.0,3.333333333333333
1484190135_1483777898,en,en,4.0,4.0
1483804034_1484166703,en,en,4.0,4.0
1484034694_1484050533,en,en,2.0,2.625
1484012817_1484339215,en,en,3.5,4.0
1484037032_1483931345,en,en,3.333333333333333,3.333333333333333
1484454301_1484086549,en,en,2.333333333333333,2.0
1484084356_1484110209,en,en,4.0,4.0
1484804405_1484808888,en,en,1.3333333333333333,2.333333333333333
1484395226_1483806495,en,en,3.5,3.5
1484189499_1484138958,en,en,3.0,2.333333333333333
1484011203_1484283601,en,en,4.0,4.0
1484006642_1484271420,en,en,1.6666666666666667,1.6666666666666667
1568738515_1484744791,en,en,4.0,3.0
1498603206_1484073918,en,en,3.0,2.6666666666666665
1484189312_1484270690,en,en,2.0,2.0
1484011702_1483879052,en,en,4.0,4.0
1484037165_1484245751,en,en,1.6666666666666667,1.6666666666666667
1484395639_1484233960,en,en,2.6666666666666665,3.333333333333333
1484039520_1483931201,en,en,1.0,1.0
1484699094_1484368406,en,en,4.0,4.0
1484301114_1484292987,en,en,1.6666666666666667,1.0
1484011684_1483832364,en,en,3.0,3.0
1484032815_1484032830,en,en,4.0,4.0
1484189463_1484343558,en,en,3.0,4.0
1484010933_1483807252,en,en,3.0,3.6666666666666665
1484013128_1486883736,en,en,2.0,3.0
1484191459_1484223583,en,en,2.0,1.3333333333333333
1483806386_1483839770,en,en,4.0,3.0
1483803487_1484392382,en,en,4.0,3.333333333333333
1484395365_1483986288,en,en,2.0,1.6666666666666667
1484011113_1484176201,en,en,4.0,4.0
1484697775_1484163542,en,en,4.0,4.0
1484010756_1484052867,en,en,2.6666666666666665,2.333333333333333
1484039338_1484002723,en,en,3.333333333333333,3.6666666666666665
1484188919_1484152213,en,en,2.333333333333333,2.333333333333333
1484038715_1483981773,en,en,3.333333333333333,3.0
1484007541_1484143352,en,en,3.0,3.75
1484189457_1483848158,en,en,4.0,4.0
1496319911_1483835380,en,en,3.0,2.333333333333333
1484012254_1483931699,en,en,1.0,1.0
1484007546_1484188452,en,en,2.333333333333333,2.6666666666666665
1484084350_1484110209,en,en,4.0,4.0
1483805857_1483895137,en,en,1.6666666666666667,1.6666666666666667
1483803964_1484247625,en,en,2.0,1.6666666666666667
1483806409_1484187744,en,en,3.6666666666666665,3.6666666666666665
1483803656_1484176201,en,en,2.6666666666666665,2.6666666666666665
1484189112_1484060865,en,en,2.333333333333333,2.0
1484038757_1483871486,en,en,2.333333333333333,2.333333333333333
1484010778_1483974877,en,en,2.333333333333333,2.333333333333333
1484010768_1484305811,en,en,1.3333333333333333,1.3333333333333333
1484011220_1484041021,en,en,1.3333333333333333,1.6666666666666667
1484189765_1484330350,en,en,3.6666666666666665,3.333333333333333
1483803663_1484208838,en,en,1.3333333333333333,1.0
1484011235_1483838140,en,en,4.0,4.0
1484698286_1484030136,en,en,1.6666666666666667,1.6666666666666667
1484396409_1483959633,en,en,1.6666666666666667,1.3333333333333333
1484137472_1484110209,en,en,4.0,4.0
1484451748_1484325303,en,en,3.0,3.0
1483805456_1484014772,en,en,3.6666666666666665,3.6666666666666665
1484189036_1484919312,en,en,4.0,4.0
1484182174_1484178019,en,en,4.0,4.0
1484009649_1483951110,en,en,2.333333333333333,2.0
1484188385_1483995169,en,en,3.6,3.8
1484009844_1483771573,en,en,1.0,1.3333333333333333
1484759480_1483838142,en,en,2.0,1.6666666666666667
1484188771_1483955656,en,en,3.5,3.5
1484011085_1484010762,en,en,3.333333333333333,3.333333333333333
1484037661_1485647004,en,en,1.0,1.0
1484189504_1484254401,en,en,2.333333333333333,1.3333333333333333
1484013727_1483751329,en,en,4.0,4.0
1484012841_1483948966,en,en,2.0,2.0
1484011122_1599884608,en,en,4.0,4.0
1484013620_1484035601,en,en,4.0,4.0
1484189574_1484212280,en,en,4.0,4.0
1484188969_1484211715,en,en,4.0,4.0
1484037576_1484254284,en,en,3.5,3.0
1484039359_1484478322,en,en,1.0,2.333333333333333
1484037338_1484173131,en,en,4.0,4.0
1484007524_1484087779,en,en,1.3333333333333333,1.0
1484189392_1484189391,en,en,2.0,1.75
1484035472_1483975527,en,en,1.6666666666666667,1.3333333333333333
1484189388_1483751329,en,en,3.25,3.5
1484011179_1484166080,en,en,3.0,2.0
1544288384_1483979183,en,en,3.6666666666666665,3.6666666666666665
1484011954_1484248662,en,en,4.0,4.0
1484039757_1483783076,en,en,4.0,4.0
1484395648_1484224185,en,en,3.6666666666666665,4.0
1484008142_1484256518,en,en,3.333333333333333,3.6666666666666665
1484010518_1484409503,en,en,4.0,4.0
1484189212_1485022386,en,en,3.333333333333333,3.333333333333333
1486942765_1483793850,en,en,4.0,4.0
1484771927_1484246392,en,en,2.0,1.0
1484188465_1483824110,en,en,3.333333333333333,3.6666666666666665
1483803892_1483996928,en,en,3.0,3.6666666666666665
1484760324_1484530024,en,en,1.3333333333333333,1.3333333333333333
1485673465_1484277752,en,en,3.0,3.0
1484010969_1484349190,en,en,3.333333333333333,4.0
1484189365_1484091158,en,en,1.5,1.0
1484036300_1484245236,en,en,3.6666666666666665,4.0
1484036180_1484698252,en,en,4.0,3.6666666666666665
1483806257_1484320524,en,en,1.3333333333333333,1.3333333333333333
1484009819_1483890933,en,en,1.0,1.0
1484396407_1484034320,en,en,3.6666666666666665,3.6666666666666665
1484188456_1484297519,en,en,3.333333333333333,3.333333333333333
1483805541_1484135874,en,en,1.0,1.0
1484013902_1484178989,en,en,3.0,2.6666666666666665
1497493200_1483751692,en,en,3.5,4.0
1484005594_1484239521,en,en,2.333333333333333,1.3333333333333333
1484039906_1484077225,en,en,4.0,4.0
1484037937_1484121988,en,en,4.0,4.0
1484008802_1486145601,en,en,2.8,3.4
1484039912_1483921278,en,en,3.5,3.5
1484034996_1483931224,en,en,2.0,3.0
1483803713_1484468124,en,en,1.5,2.5
1484012811_1484139024,en,en,4.0,4.0
1484804402_1483975924,en,en,2.0,2.0
1483806188_1484230798,en,en,4.0,4.0
1484401831_1484069437,en,en,4.0,4.0
1484006489_1484080805,en,en,2.333333333333333,2.333333333333333
1484038154_1484149503,en,en,2.6666666666666665,3.0
1484188922_1484188392,en,en,1.0,3.5
1484010406_1483939505,en,en,4.0,4.0
1484190960_1484310425,en,en,1.0,1.0
1484189398_1484201350,en,en,3.8,3.4
1568389673_1484168767,en,en,1.0,1.0
1484039287_1484207098,en,en,1.0,1.0
1484191595_1484393763,en,en,3.333333333333333,3.6666666666666665
1484455742_1487088404,en,en,3.0,3.0
1484182173_1484250088,en,en,3.6666666666666665,4.0
1484011112_1483942482,en,en,2.6666666666666665,2.333333333333333
1484285188_1484110209,en,en,4.0,4.0
1484188728_1484126230,en,en,1.3333333333333333,1.0
1484040130_1484058129,en,en,4.0,4.0
1567180326_1585407790,en,en,2.333333333333333,2.333333333333333
1484033802_1484302750,en,en,2.6666666666666665,3.333333333333333
1484011196_1484886919,en,en,4.0,3.6666666666666665
1484034933_1484119355,en,en,2.6666666666666665,3.0
1483803439_1484154978,en,en,2.333333333333333,2.333333333333333
1484703265_1483807035,en,en,4.0,4.0
1484079815_1484351862,en,en,3.6666666666666665,3.6666666666666665
1498601322_1485995558,en,en,2.6666666666666665,3.333333333333333
1484034935_1484256717,en,en,4.0,4.0
1484037648_1484212827,en,en,2.333333333333333,1.6666666666666667
1484396410_1484211715,en,en,4.0,4.0
1484011832_1483807916,en,en,2.5,3.5
1484097062_1485022386,en,en,3.6666666666666665,3.6666666666666665
1484034814_1484082123,en,en,1.0,1.0
1484012030_1484260515,en,en,4.0,3.6666666666666665
1484188992_1483917976,en,en,4.0,3.333333333333333
1484035912_1483772119,en,en,4.0,4.0
1484011044_1484287462,en,en,4.0,3.333333333333333
1484399513_1484105551,en,en,4.0,4.0
1545189027_1484744791,en,en,4.0,4.0
1484038092_1484248149,en,en,1.6666666666666667,3.0
1484007734_1483939652,en,en,4.0,3.6666666666666665
1484010799_1486211391,en,en,4.0,4.0
1484011145_1484138163,en,en,3.333333333333333,3.333333333333333
1484189026_1484227547,en,en,4.0,4.0
1484188819_1484086262,en,en,4.0,4.0
1484009134_1484092222,en,en,4.0,4.0
1484013133_1484013128,en,en,4.0,3.0
1484188757_1484255400,en,en,1.6666666666666667,1.6666666666666667
1484039920_1484012212,en,en,2.0,1.0
1484007539_1484171826,en,en,3.333333333333333,3.333333333333333
1484187936_1484305577,en,en,1.5,1.75
1484182978_1484260102,en,en,2.0,3.0
1484189384_1484174790,en,en,2.6666666666666665,2.6666666666666665
1484396414_1483740598,en,en,2.6666666666666665,1.6666666666666667
1484451716_1484158769,en,en,4.0,4.0
1484189224_1484353236,en,en,3.0,2.6666666666666665
1484454845_1484125578,en,en,1.6666666666666667,1.0
1484009949_1484048264,en,en,2.6666666666666665,2.6666666666666665
1484039539_1483859595,en,en,1.6666666666666667,1.3333333333333333
1484191441_1484751484,en,en,4.0,4.0
1484037969_1484195649,en,en,4.0,4.0
1484040198_1483980092,en,en,2.6666666666666665,2.0
1484012596_1484238703,en,en,3.333333333333333,3.0
1484191080_1484191745,en,en,4.0,4.0
1484396078_1486422701,en,en,3.333333333333333,3.6666666666666665
1498601312_1483949161,en,en,4.0,4.0
1484012431_1484114373,en,en,4.0,4.0
1484008389_1483748062,en,en,1.3333333333333333,1.3333333333333333
1484189418_1484265765,en,en,4.0,4.0
1483803945_1483812111,en,en,4.0,4.0
1576133644_1582664910,en,en,4.0,4.0
1484396418_1484168136,en,en,3.0,2.333333333333333
1484038770_1484179608,en,en,1.0,1.0
1484189071_1484266573,en,en,2.333333333333333,3.333333333333333
1484188006_1483842076,en,en,2.6666666666666665,3.333333333333333
1484039280_1484318734,en,en,4.0,4.0
1483805290_1484159267,en,en,4.0,4.0
1484012136_1484002341,en,en,3.6666666666666665,4.0
1484189109_1483795611,en,en,3.6666666666666665,3.333333333333333
1484007549_1484007539,en,en,2.6666666666666665,2.333333333333333
1484007840_1484056276,en,en,4.0,4.0
1484011925_1483971700,en,en,1.6666666666666667,1.3333333333333333
1484011221_1484422402,en,en,2.6666666666666665,2.333333333333333
1484699083_1484199888,en,en,2.333333333333333,2.6666666666666665
1484395921_1484373165,en,en,4.0,4.0
1484397425_1484111145,en,en,1.1428571428571428,1.1428571428571428
1483806441_1484179419,en,en,2.0,2.333333333333333
1484457472_1516237775,en,en,4.0,3.6666666666666665
1484188267_1484644569,en,en,1.6666666666666667,2.0
1483801580_1483801833,en,en,3.6666666666666665,4.0
1484012417_1484054847,en,en,4.0,4.0
1484009958_1484152441,en,en,3.0,2.5
1483941853_1484044934,en,en,2.333333333333333,2.6666666666666665
1484009264_1483852829,en,en,2.333333333333333,2.6666666666666665
1484396265_1483870179,en,en,4.0,3.5
1484189300_1484312115,en,en,3.0,3.5
1483806365_1483923414,en,en,3.6666666666666665,3.6666666666666665
1484189464_1484307068,en,en,3.5,4.0
1484698238_1484031932,en,en,4.0,3.6666666666666665
1484191184_1484183344,en,en,3.333333333333333,3.6666666666666665
1484339239_1484110209,en,en,4.0,4.0
1484036974_1484108263,en,en,4.0,4.0
1484071090_1484189509,en,en,1.5,1.5
1484037963_1484330091,en,en,4.0,4.0
1484033324_1484148838,en,en,3.0,4.0
1484188470_1486323763,en,en,2.333333333333333,1.6666666666666667
1484187895_1483931425,en,en,3.0,3.333333333333333
1484452386_1484300479,en,en,3.0,2.5
1484039819_1484101809,en,en,2.333333333333333,2.0
1483806431_1541382599,en,en,3.25,3.5
1484698300_1484747402,en,en,2.0,2.0
1483806361_1484290124,en,en,2.6666666666666665,2.333333333333333
1484188933_1483974264,en,en,1.5,1.5
1484457465_1484264510,en,en,4.0,4.0
1484011902_1484209430,en,en,4.0,4.0
1484188880_1484016186,en,en,3.6666666666666665,4.0
1484188793_1483898833,en,en,2.333333333333333,1.3333333333333333
1484190397_1484192776,en,en,2.0,2.333333333333333
1484009148_1484199106,en,en,1.0,1.0
1484189265_1484297519,en,en,4.0,4.0
1484400612_1484243488,en,en,1.3333333333333333,1.0
1484013631_1484097161,en,en,2.6666666666666665,3.333333333333333
1484188482_1484068924,en,en,3.333333333333333,3.0
1483803773_1484100188,en,en,2.25,2.5
1484012328_1484184524,en,en,2.0,1.6666666666666667
1483805518_1484434933,en,en,4.0,4.0
1484011190_1484081855,en,en,4.0,4.0
1484005279_1483922664,en,en,1.0,2.0
1484698274_1483809845,en,en,2.6666666666666665,2.0
1484459056_1484316564,en,en,1.3333333333333333,1.3333333333333333
1484188316_1484205799,en,en,2.0,1.6666666666666667
1484032832_1517315502,en,en,1.0,1.0
1484040300_1484204443,en,en,2.6666666666666665,2.333333333333333
1484039553_1484348111,en,en,3.333333333333333,3.6666666666666665
1484011998_1572107408,en,en,4.0,4.0
1484703242_1484168326,en,en,3.5,4.0
1484007266_1483932292,en,en,3.333333333333333,3.6666666666666665
1484010039_1484189058,en,en,3.333333333333333,3.0
1483806108_1484096308,en,en,4.0,4.0
1484036808_1484269316,en,en,4.0,4.0
1484040208_1484084075,en,en,3.0,3.333333333333333
1484007558_1483798447,en,en,1.6666666666666667,1.0
1484011125_1483942482,en,en,2.333333333333333,2.0
1484396177_1484323103,en,en,1.6666666666666667,1.6666666666666667
1484188420_1484174788,en,en,2.0,1.6666666666666667
1484012835_1483842785,en,en,3.6666666666666665,3.6666666666666665
1484008895_1484299459,en,en,4.0,4.0
1484011173_1485154794,en,en,3.75,4.0
1484033419_1483859596,en,en,4.0,4.0
1484008178_1484326372,en,en,3.333333333333333,3.6666666666666665
1484285197_1484110209,en,en,4.0,4.0
1484036399_1484059419,en,en,4.0,4.0
1484010654_1483806924,en,en,4.0,4.0
1484036415_1483856290,en,en,1.0,1.0
1483803587_1483802385,en,en,2.6666666666666665,2.0
1484188811_1483811494,en,en,4.0,4.0
1484190214_1484256196,en,en,2.6666666666666665,2.333333333333333
1484009529_1484305174,en,en,2.0,3.0
1484396324_1484220215,en,en,2.0,2.0
1484039153_1483818479,en,en,3.6666666666666665,3.333333333333333
1484183368_1484159308,en,en,1.5,1.5
1484011232_1484054193,en,en,4.0,3.6666666666666665
1484036043_1484098093,en,en,4.0,3.5
1484010574_1483876247,en,en,2.0,2.5
1483804278_1484202167,en,en,1.0,1.0
1484012992_1484310426,en,en,3.0,3.333333333333333
1484190682_1484284502,en,en,3.6666666666666665,4.0
1484189274_1484839224,en,en,4.0,3.5
1484399983_1484303050,en,en,2.333333333333333,2.333333333333333
1484395632_1484255936,en,en,2.333333333333333,2.0
1484188684_1483733400,en,en,2.333333333333333,2.6666666666666665
1483803836_1484328210,en,en,3.0,3.0
1484400808_1484297113,en,en,4.0,4.0
1484188404_1484297166,en,en,4.0,4.0
1484400061_1484380370,en,en,1.6666666666666667,1.6666666666666667
1484012430_1484054658,en,en,4.0,4.0
1484395651_1485042140,en,en,1.6666666666666667,1.6666666666666667
1484007897_1484275230,en,en,3.6666666666666665,3.6666666666666665
1484038145_1484064992,en,en,1.0,1.0
1483803982_1483953173,en,en,3.6666666666666665,4.0
1484012926_1487573366,en,en,1.5,1.0
1484188346_1484211780,en,en,4.0,3.5
1497493232_1484363659,en,en,3.6666666666666665,3.6666666666666665
1483804855_1484075920,en,en,1.6666666666666667,1.6666666666666667
1484037949_1483838027,en,en,3.0,3.6666666666666665
1484399506_1483952144,en,en,2.6666666666666665,3.0
1483806528_1484144810,en,en,4.0,4.0
1484401884_1484256197,en,en,3.333333333333333,3.6666666666666665
1484012829_1486422469,en,en,4.0,4.0
1484034657_1483932672,en,en,1.6666666666666667,1.3333333333333333
1484395931_1484261888,en,en,3.6666666666666665,4.0
1484396405_1484262898,en,en,3.0,4.0
1484189105_1484233856,en,en,1.0,1.3333333333333333
1483802496_1484076428,en,en,2.333333333333333,2.333333333333333
1484039645_1483812111,en,en,4.0,4.0
1484452530_1483878996,en,en,4.0,3.6666666666666665
1484011244_1483892353,en,en,4.0,4.0
1484188820_1483768922,en,en,4.0,4.0
1484401078_1484049687,en,en,3.0,4.0
1567179734_1483807970,en,en,4.0,4.0
1484189296_1483889919,en,en,4.0,4.0
1484189460_1484336188,en,en,4.0,4.0
1484036621_1573751898,en,en,4.0,4.0
1483803463_1484279001,en,en,4.0,4.0
1484400802_1484225767,en,en,1.0,2.333333333333333
1484009428_1483982795,en,en,1.5,1.0
1484188961_1483916862,en,en,3.6666666666666665,4.0
1484191182_1484277027,en,en,4.0,4.0
1484007958_1484312289,en,en,4.0,3.6666666666666665
1484040158_1483757897,en,en,3.6666666666666665,3.6666666666666665
1484012932_1484523388,en,en,3.333333333333333,3.0
1484008957_1483937162,en,en,4.0,4.0
1483802478_1483816300,en,en,1.3333333333333333,1.3333333333333333
1484009110_1484122147,en,en,4.0,4.0
1484189391_1484241518,en,en,2.6666666666666665,3.6666666666666665
1484038759_1484330035,en,en,3.0,3.0
1484011836_1483932292,en,en,4.0,4.0
1484397314_1484303050,en,en,2.5,2.0
1484012876_1483802496,en,en,2.6666666666666665,2.6666666666666665
1484038745_1484396158,en,en,3.6666666666666665,3.6666666666666665
1484013284_1484098278,en,en,2.6666666666666665,2.333333333333333
1484188923_1484346178,en,en,3.6666666666666665,4.0
1484033801_1483854727,en,en,3.333333333333333,3.6666666666666665
1484012428_1484086929,en,en,3.6666666666666665,3.6666666666666665
1483804196_1483916335,en,en,4.0,4.0
1484191353_1484095744,en,en,4.0,4.0
1484698283_1483809845,en,en,1.6666666666666667,1.3333333333333333
1567178357_1585407790,en,en,1.3333333333333333,3.0
1484011104_1484348089,en,en,4.0,3.0
1484012603_1484146501,en,en,4.0,3.333333333333333
1483806408_1483869628,en,en,1.0,1.0
1484010978_1483857312,en,en,1.0,1.0
1485673653_1483988400,en,en,4.0,4.0
1484038640_1484045533,en,en,4.0,4.0
1484189459_1484356390,en,en,3.0,2.0
1484191173_1484155494,en,en,2.5,3.75
1484012294_1484352338,en,en,1.6666666666666667,2.333333333333333
1575583111_1483983493,en,en,1.6666666666666667,1.6666666666666667
1484012657_1484089500,en,en,1.0,2.0
1484395666_1483862007,en,en,2.6666666666666665,2.6666666666666665
1484698261_1483924627,en,en,1.3333333333333333,1.0
1484005288_1484252891,en,en,1.3333333333333333,1.3333333333333333
1484034695_1484337095,en,en,4.0,4.0
1484037412_1486773554,en,en,2.0,2.0
1484033831_1483838027,en,en,4.0,4.0
1484040386_1483872832,en,en,4.0,4.0
1484011091_1484010574,en,en,3.0,2.0
1484010436_1483845475,en,en,3.0,3.6666666666666665
1484452528_1484057831,en,en,3.333333333333333,3.0
1484008902_1483875836,en,en,3.0,3.333333333333333
1484011468_1484207746,en,en,3.6666666666666665,3.6666666666666665
1484012161_1484331369,en,en,4.0,4.0
1485674200_1484205925,en,en,4.0,3.6666666666666665
1484033559_1484126672,en,en,1.3333333333333333,1.3333333333333333
1484010798_1484211715,en,en,4.0,4.0
1484189091_1484122147,en,en,2.6666666666666665,3.0
1484012198_1483760787,en,en,3.0,2.6666666666666665
1484035613_1483870123,en,en,4.0,4.0
1484011538_1483998251,en,en,2.333333333333333,2.0
1484011051_1484644569,en,en,3.0,3.6666666666666665
1484189266_1484129176,en,en,4.0,4.0
1484137480_1484110209,en,en,4.0,4.0
1484013296_1484357787,en,en,4.0,4.0
1483805523_1483993452,en,en,4.0,4.0
1484038126_1483836201,en,en,2.333333333333333,2.333333333333333
1484010329_1484253506,en,en,4.0,4.0
1483803349_1486622095,en,en,3.333333333333333,3.6666666666666665
1483805597_1484223281,en,en,1.6666666666666667,1.3333333333333333
1484034804_1484389002,en,en,1.6666666666666667,2.6666666666666665
1517420949_1537618065,en,en,1.3333333333333333,1.0
1484034998_1484340807,en,en,3.6666666666666665,4.0
1484188797_1483829070,en,en,1.3333333333333333,1.6666666666666667
1484012813_1483937746,en,en,2.0,2.0
1484395949_1483943096,en,en,3.0,2.6666666666666665
1484040200_1484183147,en,en,1.3333333333333333,1.0
1498603200_1484312062,en,en,4.0,4.0
1483803909_1483859614,en,en,4.0,4.0
1484703234_1484167784,en,en,3.0,3.0
1484395645_1484395568,en,en,3.6666666666666665,3.6666666666666665
1483803551_1483779933,en,en,4.0,4.0
1484013639_1484086827,en,en,3.333333333333333,3.6666666666666665
1484397584_1484188871,en,en,3.5,4.0
1484011243_1484011253,en,en,3.333333333333333,3.333333333333333
1484189364_1483807006,en,en,2.6666666666666665,3.333333333333333
1484035598_1484259436,en,en,2.0,1.6666666666666667
1484034655_1483958067,en,en,4.0,4.0
1484396416_1484299195,en,en,2.0,2.0
1484703250_1484037567,en,en,4.0,3.6666666666666665
1484034648_1483781547,en,en,3.6666666666666665,3.0
1483805302_1484406735,en,en,3.6666666666666665,3.333333333333333
1484188528_1484094182,en,en,3.6666666666666665,4.0
1484009440_1575834546,en,en,3.6666666666666665,3.0
1484035130_1516983064,en,en,3.5,3.0
1484188459_1484141136,en,en,1.3333333333333333,1.0
1507614683_1484944359,en,en,3.6666666666666665,3.6666666666666665
1483806200_1484043880,en,en,3.0,3.0
1483805292_1484340107,en,en,3.6666666666666665,4.0
1484400797_1484072830,en,en,4.0,4.0
1484039671_1484124773,en,en,4.0,3.6666666666666665
1484009479_1483806495,en,en,4.0,4.0
1484010579_1483793850,en,en,4.0,4.0
1484395845_1484247911,en,en,1.0,4.0
1484039552_1484122346,en,en,1.3333333333333333,1.0
1483803779_1484625380,en,en,3.0,3.0
1484453446_1484205537,en,en,1.3333333333333333,1.6666666666666667
1484033215_1483957286,en,en,3.6666666666666665,3.6666666666666665
1484034650_1484045967,en,en,1.6666666666666667,1.0
1484188357_1484324605,en,en,1.6666666666666667,2.0
1484395971_1484212551,en,en,4.0,4.0
1484188839_1484077190,en,en,2.0,3.0
1485674206_1484012402,en,en,4.0,4.0
1484188315_1484357886,en,en,2.6666666666666665,2.6666666666666665
1484190594_1484117029,en,en,4.0,3.6666666666666665
1484189256_1483949135,en,en,4.0,4.0
1485928301_1483987226,en,en,3.6666666666666665,3.0
1484012107_1483852024,en,en,4.0,4.0
1484188848_1483991968,en,en,4.0,4.0
1484189061_1484248149,en,en,4.0,4.0
1484189433_1483999729,en,en,1.0,2.0
1567163177_1567162622,en,en,3.0,3.333333333333333
1484035339_1484052013,en,en,1.0,1.0
1484452830_1483889744,en,en,1.6666666666666667,1.0
1484013320_1484313520,en,en,1.0,1.0
1484395272_1484042514,en,en,1.6666666666666667,1.6666666666666667
1483804429_1484722872,en,en,4.0,4.0
1484455111_1484351723,en,en,1.0,1.0
1484397257_1484227777,en,en,3.0,1.5
1484188293_1483916862,en,en,3.333333333333333,4.0
1483805821_1484130548,en,en,4.0,4.0
1484397434_1484325303,en,en,1.4,1.2
1483803624_1484115486,en,en,1.3333333333333333,1.3333333333333333
1484037373_1484194943,en,en,3.0,3.5
1483805052_1484098913,en,en,3.0,3.0
1484039349_1483782715,en,en,3.0,2.6666666666666665
1484035938_1484256717,en,en,3.6666666666666665,3.6666666666666665
1484010717_1484085509,en,en,3.6666666666666665,4.0
1483803599_1486422701,en,en,3.6666666666666665,3.333333333333333
1484703287_1484106364,en,en,3.333333333333333,3.0
1484009174_1541521620,en,en,2.0,2.0
1484039607_1484108678,en,en,4.0,4.0
1484010712_1484148620,en,en,2.0,2.333333333333333
1486747709_1484320354,en,en,3.0,3.0
1484008517_1484052459,en,en,2.333333333333333,3.0
1484188835_1484147550,en,en,1.0,1.0
1537785528_1483930001,en,en,1.0,1.0
1484009941_1484097659,en,en,2.6666666666666665,3.0
1484189072_1484119167,en,en,4.0,3.0
1484006946_1483800537,en,en,3.333333333333333,3.6666666666666665
1484010667_1484368406,en,en,4.0,3.6666666666666665
1484401515_1484034991,en,en,3.5,4.0
1484007545_1484306041,en,en,1.3333333333333333,1.3333333333333333
1484098241_1484906998,en,en,4.0,4.0
1484012199_1484238209,en,en,3.6666666666666665,3.6666666666666665
1486747701_1484320367,en,en,4.0,4.0
1484013099_1483851278,en,en,4.0,4.0
1484191468_1484317591,en,en,4.0,4.0
1485182697_1485755025,en,en,2.0,1.5
1484013633_1483769531,en,en,1.3333333333333333,1.3333333333333333
1484698249_1483934030,en,en,1.3333333333333333,1.0
1484191435_1484435547,en,en,3.0,4.0
1484191610_1484196244,en,en,1.6666666666666667,1.3333333333333333
1484188201_1484166716,en,en,3.6666666666666665,3.6666666666666665
1484033162_1483822451,en,en,1.0,1.0
1484011779_1484036021,en,en,4.0,4.0
1484040153_1484040376,en,en,4.0,4.0
1484011984_1483960336,en,en,3.0,4.0
1484395927_1483943122,en,en,3.25,4.0
1484459084_1484056196,en,en,3.0,3.0
1483803446_1483907828,en,en,1.3333333333333333,1.0
1484038894_1484199444,en,en,3.6666666666666665,3.0
1484012288_1484352337,en,en,1.3333333333333333,1.6666666666666667
1484452399_1483954894,en,en,4.0,4.0
1484011242_1484212206,en,en,4.0,4.0
1484190635_1483767490,en,en,1.3333333333333333,1.3333333333333333
1484395657_1483803495,en,en,3.6666666666666665,3.6666666666666665
1484191618_1484241811,en,en,1.3333333333333333,1.0
1483803403_1484316412,en,en,4.0,4.0
1484012606_1484006474,en,en,3.6666666666666665,4.0
1484190300_1484193080,en,en,1.6666666666666667,1.3333333333333333
1484012104_1483852024,en,en,3.6666666666666665,4.0
1484819676_1484103041,en,en,1.3333333333333333,1.0
1484009147_1484252891,en,en,1.3333333333333333,1.0
1484189010_1484121372,en,en,2.0,2.333333333333333
1484189043_1484091479,en,en,2.0,2.333333333333333
1484011485_1484227006,en,en,4.0,4.0
1484189002_1484124619,en,en,2.0,4.0
1484011156_1487850482,en,en,4.0,4.0
1484188531_1483900918,en,en,3.0,3.0
1484451052_1484071848,en,en,3.0,3.0
1484035219_1484274981,en,en,4.0,4.0
1496646947_1483988400,en,en,4.0,4.0
1484035646_1484211715,en,en,4.0,4.0
1484011646_1484030131,en,en,4.0,4.0
1484034951_1483994327,en,en,4.0,4.0
1484188491_1484322239,en,en,4.0,4.0
1483804070_1483913747,en,en,3.333333333333333,3.0
1484010784_1483762662,en,en,2.6666666666666665,2.333333333333333
1484189080_1484133398,en,en,2.0,3.0
1484011259_1483737597,en,en,3.0,2.0
1484035601_1484299664,en,en,4.0,4.0
1484188629_1484049687,en,en,1.3333333333333333,1.3333333333333333
1484032701_1483823667,en,en,1.6666666666666667,1.3333333333333333
1484033217_1483960489,en,en,3.333333333333333,3.6666666666666665
1484454059_1484215148,en,en,3.0,4.0
1484012852_1483762662,en,en,2.0,2.0
1484397794_1483914306,en,en,3.333333333333333,3.333333333333333
1484012423_1484119212,en,en,1.5,3.5
1484011971_1484261819,en,en,1.6666666666666667,1.3333333333333333
1484451022_1484188495,en,en,3.6666666666666665,3.6666666666666665
1484396336_1483821121,en,en,4.0,4.0
1484039928_1484351985,en,en,2.75,2.25
1484035276_1483824502,en,en,4.0,4.0
1484190618_1483756539,en,en,3.6666666666666665,3.333333333333333
1484189115_1575834546,en,en,3.5,3.25
1484010569_1484325513,en,en,3.0,3.333333333333333
1484703138_1484708917,en,en,2.0,2.5
1484011800_1484167833,en,en,3.6666666666666665,4.0
1484189441_1483857278,en,en,1.6666666666666667,1.3333333333333333
1484013637_1483900473,en,en,4.0,4.0
1484036041_1483953449,en,en,3.0,3.333333333333333
1484010794_1483805302,en,en,4.0,4.0
1484189498_1484114697,en,en,4.0,3.6666666666666665
1484040203_1484322068,en,en,3.333333333333333,3.6666666666666665
1483805286_1483851278,en,en,4.0,4.0
1484189073_1484007383,en,en,2.6666666666666665,2.0
1484010908_1484009417,en,en,3.333333333333333,3.0
1483806402_1483943098,en,en,2.6666666666666665,2.6666666666666665
1484189311_1483971700,en,en,4.0,3.0
1484010672_1518038333,en,en,3.6666666666666665,3.6666666666666665
1484013176_1484238046,en,en,4.0,4.0
1484010523_1484201143,en,en,1.0,1.75
1483803735_1484143351,en,en,2.333333333333333,1.3333333333333333
1484038082_1484001133,en,en,1.0,1.0
1484010525_1484409538,en,en,3.6666666666666665,3.6666666666666665
1484698292_1484060814,en,en,1.5,1.5
1484399524_1484286564,en,en,4.0,3.6666666666666665
1484188457_1484129176,en,en,4.0,4.0
1484188517_1484053343,en,en,3.6666666666666665,2.6666666666666665
1483804893_1484032960,en,en,1.3333333333333333,1.0
1484190416_1483884653,en,en,4.0,4.0
1484013807_1483875467,en,en,4.0,4.0
1484036317_1484465703,en,en,4.0,4.0
1484011120_1484000603,en,en,3.6666666666666665,3.333333333333333
1484190393_1484070172,en,en,1.0,1.0
1484034298_1484088634,en,en,2.333333333333333,2.333333333333333
1484453641_1484085861,en,en,3.0,4.0
1484007889_1484254724,en,en,1.0,1.0
1484451722_1484274981,en,en,4.0,3.333333333333333
1484032698_1483907371,en,en,2.5,2.0
1484188555_1483788550,en,en,4.0,4.0
1484037468_1484169247,en,en,4.0,4.0
1484012367_1483748222,en,en,3.6666666666666665,4.0
1517832333_1484217445,en,en,4.0,4.0
1484010668_1483896780,en,en,3.0,3.0
1484190182_1483889919,en,en,4.0,4.0
1484769917_1487115717,en,en,4.0,3.6666666666666665
1484012208_1484106665,en,en,4.0,4.0
1600795910_1483957286,en,en,3.0,3.6666666666666665
1484759070_1484061008,en,en,4.0,4.0
1483803637_1484252230,en,en,4.0,3.6666666666666665
1484035260_1483932292,en,en,4.0,4.0
1483805947_1483851278,en,en,4.0,4.0
1484188861_1483842637,en,en,2.0,2.0
1484038045_1517519227,en,en,4.0,3.0
1484267659_1483875467,en,en,4.0,4.0
1484013439_1484032716,en,en,2.0,1.5
1484401929_1484324166,en,en,4.0,4.0
1483980389_1483874154,de,de,4.0,3.6666666666666665
1484160744_1484028776,de,de,1.0,1.0
1484167939_1483914365,de,de,3.0,3.0
1483965411_1483830377,de,de,1.3333333333333333,1.6666666666666667
1483955027_1484016877,de,de,2.6666666666666665,2.333333333333333
1483994203_1483796773,de,de,3.0,3.6666666666666665
1483989149_1483880574,de,de,4.0,3.0
1484167312_1484408578,de,de,1.0,1.0
1483958018_1484038179,de,de,1.3333333333333333,1.3333333333333333
1484158967_1484202734,de,de,1.0,1.0
1483994845_1484017537,de,de,4.0,3.5
1484159841_1484008665,de,de,3.0,2.333333333333333
1484217090_1484195934,de,de,1.0,1.0
1484215674_1483755286,de,de,3.5,2.5
1483986833_1483973708,de,de,3.6666666666666665,3.333333333333333
1483972881_1485734904,de,de,4.0,4.0
1483963240_1484031872,de,de,4.0,4.0
1484208765_1484321036,de,de,3.333333333333333,3.0
1484207960_1483855960,de,de,1.0,1.0
1484182068_1484378686,de,de,1.0,1.0
1484456061_1483970080,de,de,4.0,4.0
1483981349_1483936480,de,de,4.0,4.0
1484440673_1484050208,de,de,4.0,4.0
1483984785_1484060307,de,de,3.6666666666666665,3.0
1483961815_1484246879,de,de,3.0,3.333333333333333
1483964076_1483949614,de,de,2.6666666666666665,2.333333333333333
1483978591_1484232740,de,de,2.333333333333333,2.333333333333333
1484167909_1484472101,de,de,3.0,3.0
1484217119_1484002781,de,de,1.3333333333333333,1.0
1483972874_1483852995,de,de,4.0,4.0
1484194073_1484123657,de,de,4.0,4.0
1483973708_1484046875,de,de,4.0,4.0
1483947927_1483867514,de,de,3.0,3.333333333333333
1483994104_1483996128,de,de,4.0,4.0
1484182046_1484050479,de,de,4.0,4.0
1484148226_1483819354,de,de,3.333333333333333,2.6666666666666665
1484193181_1483875053,de,de,4.0,4.0
1484207696_1483873184,de,de,4.0,4.0
1483961507_1485017339,de,de,1.6666666666666667,2.0
1485670104_1483843088,de,de,4.0,4.0
1484193790_1483864208,de,de,4.0,4.0
1484160743_1483949469,de,de,2.5,3.0
1484158733_1484319843,de,de,1.0,1.0
1484225978_1483855960,de,de,1.0,1.0
1484155920_1484330932,de,de,4.0,4.0
1483991365_1483964973,de,de,4.0,4.0
1483972876_1484051905,de,de,4.0,4.0
1483974436_1484099579,de,de,4.0,4.0
1484147938_1484091652,de,de,4.0,4.0
1484182050_1484018364,de,de,4.0,3.6666666666666665
1483994180_1483796773,de,de,2.0,3.0
1484428859_1484395351,de,de,4.0,4.0
1484174052_1484275960,de,de,4.0,3.6666666666666665
1484151505_1485201154,de,de,1.0,1.0
1484414950_1484527321,de,de,2.0,3.0
1484183281_1484323916,de,de,4.0,4.0
1483987123_1483880298,de,de,4.0,4.0
1483962884_1484100111,de,de,3.333333333333333,3.0
1484157710_1484031530,de,de,1.0,1.0
1483953341_1484148277,de,de,3.6666666666666665,3.6666666666666665
1483949607_1483972469,de,de,1.0,1.0
1484182125_1540024805,de,de,4.0,4.0
1483993263_1483918984,de,de,1.6666666666666667,1.3333333333333333
1483993276_1484144150,de,de,4.0,4.0
1484202365_1484065088,de,de,1.6666666666666667,1.3333333333333333
1483985638_1483979159,de,de,1.3333333333333333,1.0
1483991342_1484106553,de,de,2.6666666666666665,2.333333333333333
1483972116_1484087766,de,de,1.0,1.0
1484216189_1484025384,de,de,3.5,3.5
1484926231_1484246883,de,de,1.3333333333333333,1.3333333333333333
1484440693_1484456086,de,de,4.0,3.6666666666666665
1483954855_1484054043,de,de,2.0,1.6666666666666667
1483975807_1484232731,de,de,4.0,3.6666666666666665
1484156435_1484210238,de,de,1.0,1.0
1483994246_1483853031,de,de,1.0,1.0
1484216200_1483955750,de,de,4.0,4.0
1483980899_1484076918,de,de,2.0,2.0
1483974433_1483836501,de,de,1.6666666666666667,1.6666666666666667
1484203294_1484032927,de,de,1.6666666666666667,1.3333333333333333
1483978727_1484494781,de,de,4.0,3.6666666666666665
1483990289_1483796773,de,de,3.5,4.0
1484153694_1485201154,de,de,1.3333333333333333,1.0
1484207690_1483915056,de,de,1.6666666666666667,2.0
1483964965_1483916785,de,de,1.0,1.0
1484207721_1483976752,de,de,2.333333333333333,3.0
1483973124_1484078246,de,de,3.0,2.5
1483971579_1483975691,de,de,1.0,1.0
1483984595_1483843725,de,de,4.0,3.6666666666666665
1484202357_1484146779,de,de,2.6666666666666665,2.333333333333333
1483973140_1484232735,de,de,3.0,3.0
1484154654_1483980008,de,de,4.0,4.0
1484182054_1484075561,de,de,3.333333333333333,3.0
1484945374_1484075503,de,de,4.0,4.0
1484168047_1483964973,de,de,4.0,4.0
1484147770_1483949469,de,de,3.0,2.0
1484214843_1483999959,de,de,4.0,4.0
1483992076_1484060307,de,de,4.0,4.0
1484146828_1484172815,de,de,1.5,1.0
1483955019_1484405195,de,de,1.0,1.0
1484177749_1484206125,de,de,1.0,1.0
1483962376_1484038596,de,de,4.0,3.333333333333333
1484179780_1483908984,de,de,4.0,4.0
1484438532_1483946833,de,de,4.0,3.6666666666666665
1483962680_1484049194,de,de,2.0,1.0
1483976898_1484232731,de,de,3.6666666666666665,3.333333333333333
1489769418_1485164589,de,de,4.0,3.6666666666666665
1483960315_1484287034,de,de,4.0,4.0
1486971043_1484097144,de,de,2.6666666666666665,2.333333333333333
1483989782_1483875255,de,de,3.333333333333333,3.0
1484181481_1484206125,de,de,1.0,1.0
1483984345_1483748897,de,de,3.6666666666666665,3.6666666666666665
1483960646_1484232735,de,de,2.0,2.0
1484215534_1483755286,de,de,3.333333333333333,2.333333333333333
1484195934_1484319843,de,de,1.0,1.0
1483968249_1483871591,de,de,4.0,3.6666666666666665
1483958875_1484038179,de,de,1.3333333333333333,1.0
1483961516_1484064105,de,de,3.6666666666666665,3.333333333333333
1483969235_1484238479,de,de,4.0,4.0
1484761456_1484031530,de,de,4.0,3.6666666666666665
1484182064_1483824668,de,de,1.0,1.0
1484193627_1484194963,de,de,1.0,1.0
1483984586_1484100111,de,de,3.333333333333333,3.333333333333333
1483960662_1484246879,de,de,3.6666666666666665,3.333333333333333
1483981485_1484012931,de,de,1.0,1.6666666666666667
1484160995_1485201154,de,de,1.0,1.0
1484222271_1484085280,de,de,4.0,4.0
1483977745_1484087766,de,de,1.0,1.0
1483963993_1484045655,de,de,3.6666666666666665,3.333333333333333
1484228737_1484086752,de,de,4.0,4.0
1483986830_1484031657,de,de,4.0,4.0
1483971977_1483822410,de,de,4.0,3.333333333333333
1483964418_1484032269,de,de,4.0,3.6666666666666665
1484761911_1484329598,de,de,4.0,4.0
1484193794_1484099573,de,de,4.0,3.0
1484225684_1484168941,es,es,4.0,4.0
1485001551_1483980929,es,es,2.5,3.0
1484222388_1484383793,es,es,4.0,4.0
1484112831_1484051337,es,es,3.0,2.0
1484212842_1484038068,es,es,3.0,2.0
1484125307_1484169612,es,es,4.0,4.0
1484218229_1484142120,es,es,2.0,2.0
1484205529_1484267936,es,es,2.0,2.0
1484117796_1484042614,es,es,1.0,1.0
1484230791_1484261798,es,es,3.0,3.0
1484115783_1484172459,es,es,4.0,4.0
1484204584_1483953715,es,es,1.5,1.0
1484230819_1484227041,es,es,1.0,1.0
1484112820_1484058586,es,es,4.0,4.0
1484690350_1484607381,es,es,2.0,2.0
1484202630_1484407593,es,es,2.0,3.0
1484205315_1484300923,es,es,3.0,3.0
1484110281_1484037465,es,es,4.0,4.0
1484557186_1484557181,es,es,2.0,2.0
1484130821_1484165136,es,es,4.0,4.0
1484131093_1484392989,es,es,3.0,2.0
1484205344_1484308513,es,es,4.0,4.0
1484228495_1484159757,es,es,4.0,3.5
1484710562_1484635160,es,es,4.0,4.0
1484209302_1484305743,es,es,3.0,3.0
1484212836_1484022122,es,es,1.0,1.0
1484215619_1484187595,es,es,2.0,1.0
1484566522_1484618067,es,es,4.0,4.0
1484230658_1484012299,es,es,4.0,4.0
1484210177_1483946190,es,es,1.0,1.0
1484566523_1484211395,es,es,4.0,3.0
1484124327_1483931187,es,es,4.0,4.0
1484106726_1484080081,es,es,2.0,1.0
1484110937_1483791274,es,es,1.0,1.0
1484130253_1484241594,es,es,4.0,4.0
1484105755_1483896588,es,es,1.0,2.0
1484230934_1484117589,es,es,3.0,3.0
1484229811_1484168941,es,es,4.0,4.0
1484208150_1483934443,es,es,4.0,4.0
1483981396_1483914072,es,es,2.0,1.0
1484126688_1483843734,es,es,2.0,1.0
1484117287_1484329317,es,es,4.0,4.0
1484114411_1484005812,es,es,2.0,1.0
1484202835_1483632205,es,es,4.0,4.0
1484230507_1484309168,es,es,1.0,1.0
1484232343_1483844855,es,es,4.0,4.0
1484547943_1484182289,es,es,4.0,4.0
1484130145_1484165136,es,es,4.0,4.0
1484112716_1483753550,es,es,4.0,4.0
1484130447_1484392989,es,es,4.0,3.0
1484996731_1484168941,es,es,4.0,4.0
1484573859_1484112881,es,es,3.0,3.0
1484230971_1483710790,es,es,3.0,3.0
1484104384_1484173697,es,es,1.0,1.0
1484113135_1484263055,es,es,4.0,3.5
1484207754_1484271525,es,es,1.5,1.0
1484578843_1483907403,es,es,3.0,3.0
1484205313_1483936557,es,es,4.0,4.0
1483981401_1484180955,es,es,3.0,2.0
1484212859_1483932671,es,es,1.0,1.0
1484226587_1484301488,es,es,4.0,4.0
1484105735_1484245617,es,es,3.5,3.5
1484123218_1484360943,es,es,1.0,1.0
1484116142_1484887812,es,es,2.0,2.0
1484573400_1483941641,es,es,4.0,4.0
1484547936_1484318928,es,es,4.0,4.0
1484207567_1484139267,es,es,1.0,1.0
1484202331_1484074590,es,es,3.0,3.0
1484112800_1484180245,es,es,1.0,1.0
1484118034_1484173978,es,es,1.0,1.0
1484228721_1484301271,es,es,2.0,2.0
1484231617_1484242311,es,es,4.0,4.0
1484106594_1484002774,es,es,1.0,1.0
1484116114_1485348639,es,es,3.0,3.0
1484694851_1483885020,es,es,4.0,4.0
1484694871_1484168941,es,es,4.0,4.0
1484212166_1484450437,es,es,2.0,2.0
1484549319_1483925992,es,es,4.0,4.0
1484116051_1484063582,es,es,4.0,4.0
1483979649_1484166210,es,es,4.0,4.0
1484116075_1484165136,es,es,4.0,4.0
1484110456_1484964292,es,es,2.0,1.0
1484229990_1484065438,es,es,1.0,1.0
1484212173_1484086103,es,es,4.0,4.0
1484557981_1484384495,es,es,1.0,1.0
1483867298_1483976822,pl,pl,3.0,2.0
1483882055_1483911245,pl,pl,2.0,2.0
1483867938_1484015954,pl,pl,2.0,1.0
1483872154_1483857913,pl,pl,4.0,4.0
1483867584_1483895135,pl,pl,2.0,3.0
1483827739_1484003508,pl,pl,4.0,4.0
1483831803_1483996182,pl,pl,4.0,4.0
1483893903_1483883033,pl,pl,4.0,4.0
1483823628_1483818682,pl,pl,4.0,4.0
1483908758_1484247455,pl,pl,4.0,4.0
1483902775_1483962945,pl,pl,4.0,3.0
1483922990_1483964677,pl,pl,1.0,1.0
1483763788_1484028040,pl,pl,4.0,4.0
1483827510_1484002680,pl,pl,4.0,4.0
1483934627_1483934630,pl,pl,3.0,3.0
1483891115_1483891118,pl,pl,4.0,4.0
1483942995_1484038319,pl,pl,1.0,1.0
1483757657_1484275094,pl,pl,4.0,4.0
1483937712_1484033648,pl,pl,4.0,4.0
1483827747_1483775013,pl,pl,4.0,3.0
1483818675_1483962945,pl,pl,4.0,4.0
1483925929_1484140132,pl,pl,3.0,3.0
1483925846_1484144092,pl,pl,3.0,3.0
1483772204_1483964698,pl,pl,4.0,4.0
1483921880_1484016672,pl,pl,2.0,2.0
1483839276_1484178002,pl,pl,4.0,4.0
1483866530_1483878302,pl,pl,2.0,2.0
1483798039_1484272579,pl,pl,4.0,4.0
1483947825_1484099389,pl,pl,4.0,4.0
1483881217_1484113388,pl,pl,2.0,1.0
1483882701_1483911345,pl,pl,3.0,3.0
1483745349_1483932756,pl,pl,2.0,2.0
1483832399_1483934630,pl,pl,4.0,3.0
1483902465_1484029102,pl,pl,2.0,2.0
1483837002_1484127346,pl,pl,4.0,4.0
1483829594_1484344081,pl,pl,4.0,4.0
1483826192_1484015954,pl,pl,2.0,2.0
1483932523_1484109472,pl,pl,1.0,1.0
1483899162_1484350179,pl,pl,1.0,1.0
1483917381_1484140132,pl,pl,2.5,2.0
1483868170_1484091867,pl,pl,4.0,4.0
1483869584_1483869597,pl,pl,4.0,4.0
1483872159_1483883557,pl,pl,1.0,1.0
1483885494_1484113388,pl,pl,2.0,1.0
1483894135_1483933015,pl,pl,3.0,3.0
1483945069_1483989128,pl,pl,3.0,3.0
1483781223_1484125412,pl,pl,4.0,4.0
1483922997_1483953552,pl,pl,4.0,4.0
1483805216_1483799609,pl,pl,2.0,1.0
1483747474_1483905596,pl,pl,4.0,4.0
1483891574_1484044577,pl,pl,4.0,4.0
1483878778_1483954849,pl,pl,4.0,4.0
1483915134_1484212164,pl,pl,1.0,1.0
1483896180_1483943089,pl,pl,2.0,2.0
1483917379_1484022936,pl,pl,4.0,4.0
1483874442_1484114568,pl,pl,3.0,3.0
1483881256_1483989128,pl,pl,4.0,4.0
1483859320_1483994218,pl,pl,4.0,4.0
1483758715_1483855447,pl,pl,1.0,1.0
1483920312_1483942888,pl,pl,3.0,3.0
1483791873_1483873812,pl,pl,2.0,2.0
1483905596_1483942888,pl,pl,2.0,2.0
1483887079_1484364998,pl,pl,4.0,4.0
1483792417_1483857913,pl,pl,4.0,4.0
1483806021_1484137629,pl,pl,4.0,4.0
1483818277_1483869597,pl,pl,4.0,4.0
1483925213_1484350179,pl,pl,1.0,1.0
1483925832_1484168103,pl,pl,4.0,4.0
1483898139_1483953562,pl,pl,4.0,4.0
1483779142_1484204739,pl,pl,4.0,4.0
1483939960_1484364995,pl,pl,3.0,3.0
1483747000_1484140132,pl,pl,2.0,2.0
1483914687_1484057304,pl,pl,1.0,1.0
1483836488_1483846060,pl,pl,3.0,3.0
1483870701_1484320801,pl,pl,3.0,3.0
1483787049_1484015950,pl,pl,2.0,3.0
1483859010_1483859003,pl,pl,4.0,4.0
1483831806_1483962945,pl,pl,4.0,4.0
1483843306_1483811989,pl,pl,4.0,4.0
1483849915_1484383739,pl,pl,4.0,4.0
1483849925_1484207749,pl,pl,4.0,4.0
1483943089_1483937809,pl,pl,2.0,1.0
1483849920_1483941834,pl,pl,4.0,4.0
1483860221_1484142184,pl,pl,1.0,1.0
1483867300_1483800139,pl,pl,4.0,4.0
1483927670_1484180786,pl,pl,4.0,4.0
1483943085_1484073754,pl,pl,3.0,3.0
1483808624_1484144092,pl,pl,3.0,3.0
1483769785_1484211536,pl,pl,4.0,3.0
1483758774_1483851626,pl,pl,3.0,3.0
1483796468_1483956019,pl,pl,1.0,1.0
1483932525_1483968690,pl,pl,4.0,4.0
1483815039_1483925044,pl,pl,3.0,3.0
1483937807_1484012727,pl,pl,4.0,4.0
1558584081_1558836764,tr,tr,1.0,1.0
1559366322_1558541051,tr,tr,4.0,4.0
1558587591_1558942016,tr,tr,3.5,3.5
1558587224_1558557287,tr,tr,3.0,3.0
1558601860_1558267452,tr,tr,2.0,4.0
1558605779_1560216121,tr,tr,4.0,4.0
1558571270_1558520014,tr,tr,4.0,4.0
1558606302_1558541051,tr,tr,4.0,4.0
1558607516_1559011342,tr,tr,1.0,1.0
1558583192_1558309104,tr,tr,4.0,4.0
1558567102_1559017117,tr,tr,3.0,3.0
1558597435_1559010941,tr,tr,2.5,2.5
1558608039_1558883689,tr,tr,4.0,4.0
1558607122_1558635921,tr,tr,4.0,4.0
1558605791_1559296692,tr,tr,4.0,4.0
1558579032_1558491114,tr,tr,4.0,4.0
1558572196_1558515869,tr,tr,2.0,1.5
1558581134_1558181315,tr,tr,4.0,4.0
1558601678_1558371119,tr,tr,2.0,2.0
1558591597_1558639371,tr,tr,4.0,3.5
1558593199_1558613605,tr,tr,4.0,4.0
1558601736_1558902160,tr,tr,4.0,3.5
1558608035_1558517429,tr,tr,3.0,3.0
1558581143_1558609613,tr,tr,2.0,3.0
1558576281_1558746898,tr,tr,4.0,4.0
1558563658_1559011342,tr,tr,2.0,2.0
1558575452_1558247096,tr,tr,2.0,1.0
1558587229_1558920950,tr,tr,4.0,4.0
1558607118_1558496095,tr,tr,4.0,4.0
1558576891_1558639371,tr,tr,4.0,3.0
1558605773_1558563137,tr,tr,4.0,4.0
1558575434_1559017117,tr,tr,4.0,4.0
1558605455_1558488001,tr,tr,2.0,2.0
1558584118_1558515869,tr,tr,2.5,2.5
1558605452_1558514989,tr,tr,2.0,1.5
1558561240_1558240867,tr,tr,4.0,4.0
1558569628_1558529820,tr,tr,4.0,3.0
1559333703_1558464977,tr,tr,2.0,2.0
1558608033_1558371753,tr,tr,4.0,4.0
1558577269_1558256130,tr,tr,3.0,4.0
1558575453_1559069542,tr,tr,3.0,3.0
1558562308_1558275994,tr,tr,2.0,2.0
1558563660_1558187272,tr,tr,2.0,3.0
1558608041_1558517482,tr,tr,4.0,4.0
1558593432_1558563137,tr,tr,3.0,3.5
1558605782_1559296692,tr,tr,4.0,4.0
1558585466_1558308835,tr,tr,4.0,4.0
1558581146_1558675546,tr,tr,4.0,4.0
1559296701_1558342323,tr,tr,4.0,4.0
1558601776_1558181315,tr,tr,4.0,4.0
1558608026_1558517482,tr,tr,4.0,4.0
1558606299_1558982883,tr,tr,1.0,1.0
1558587819_1558386605,tr,tr,4.0,3.0
1558579213_1558605782,tr,tr,4.0,4.0
1558563657_1558240441,tr,tr,4.0,4.0
1558585456_1559014803,tr,tr,4.0,4.0
1558587235_1558500696,tr,tr,4.0,4.0
1558579038_1558635921,tr,tr,4.0,4.0
1559201705_1559189239,fr,fr,4.0,4.0
1559139344_1558394270,fr,fr,1.0,2.0
1559149546_1558835128,fr,fr,4.0,3.0
1559124817_1588751088,fr,fr,3.0,2.0
1559200872_1558709933,fr,fr,4.0,4.0
1559154848_1558951705,fr,fr,4.0,4.0
1559129118_1558524773,fr,fr,4.0,4.0
1559218846_1558750714,ar,ar,1.0,1.0
1559204879_1558731178,ar,ar,4.0,4.0
1559218867_1558731176,ar,ar,4.0,4.0
1559203702_1558731176,ar,ar,4.0,4.0
1559236031_1558485085,ar,ar,4.0,4.0
1558547800_1558686533,ar,ar,4.0,4.0
1558554679_1558731176,ar,ar,4.0,4.0
1559215271_1558723482,ar,ar,2.0,2.0
1559210119_1559015985,ar,ar,4.0,4.0
1517448186_1554254640,fr,fr,4.0,4.0
1542372077_1542105945,fr,fr,1.0,1.0
1546348677_1555783209,fr,fr,2.0,2.0
1510146111_1529901019,fr,fr,4.0,3.0
1548776180_1561830530,fr,fr,3.0,3.0
1500019882_1555139603,fr,fr,4.0,3.0
1550457306_1493175824,fr,fr,4.0,4.0
1531874067_1486818137,fr,fr,4.0,4.0
1515971688_1516167923,fr,fr,2.0,1.0
1532901381_1545517545,fr,fr,2.0,2.0
1515320729_1558714784,fr,fr,4.0,4.0
1559702610_1561608107,en,en,3.0,3.0
1513579668_1515446255,en,en,1.0,1.0
1536164421_1536779135,en,en,1.5,1.0
1524389701_1522567008,en,en,4.0,4.0
1599034624_1598882364,en,en,4.0,4.0
1542270857_1543133329,en,en,3.0,1.0
1503331162_1513951665,en,en,1.0,1.0
1497442969_1551043161,en,en,4.0,4.0
1531856160_1507484134,en,en,4.0,4.0
1508444509_1574923978,en,en,2.0,1.0
1488871823_1494067501,en,en,1.0,1.0
1528756834_1528840181,en,en,2.0,1.0
1521378939_1521443853,en,en,3.0,2.0
1518324924_1492395675,en,en,4.0,4.0
1560629092_1562815354,en,en,2.0,1.0
1554825216_1500653358,en,en,4.0,4.0
1547599071_1552360475,en,en,2.0,2.0
1579494710_1579603744,en,en,3.0,2.0
1549281569_1547425786,en,en,2.0,3.0
1522876780_1535508097,en,en,4.0,4.0
1558594925_1489910821,en,en,4.0,3.0
1565191942_1504078577,en,en,1.0,1.0
1536434057_1541753911,en,en,4.0,4.0
1557559612_1547204988,en,en,4.0,4.0
1509697137_1558586261,en,en,4.0,4.0
1484937978_1504599770,en,en,4.0,4.0
1491229906_1490300378,en,en,1.0,1.0
1535716607_1551329788,en,en,3.0,2.0
1542610968_1527712085,en,en,1.0,1.0
1511746799_1511314538,en,en,3.0,1.0
1545230256_1507157016,en,en,4.0,3.0
1519038816_1524016608,en,en,4.0,4.0
1495814556_1495184675,en,en,4.0,4.0
1545197759_1598897252,en,en,4.0,4.0
1603125010_1552500986,en,en,2.0,1.0
1553747554_1485109615,en,en,2.0,3.0
1528705076_1528368409,en,en,4.0,4.0
1576470308_1508938126,en,en,1.0,1.0
1563489566_1512599962,en,en,4.0,4.0
1503837324_1485742783,en,en,3.0,3.0
1521790737_1548690307,en,en,4.0,4.0
1598945755_1553360023,en,en,4.0,4.0
1556677127_1555907224,en,en,2.0,2.0
1555884206_1556104435,en,en,2.0,2.0
1516589356_1508690485,en,en,4.0,4.0
1515277116_1512395332,en,en,1.5,1.5
1557826787_1557867666,en,en,1.0,1.0
1539730567_1514767443,en,en,3.0,2.0
1502988770_1499199397,en,en,4.0,4.0
1546628957_1537621984,en,en,3.0,3.0
1564871708_1558025193,en,en,3.0,3.0
1511487231_1511674451,en,en,3.0,1.0
1495962595_1542985299,en,en,3.0,3.0
1500028818_1535080542,en,en,2.0,2.0
1497872135_1491895605,en,en,4.0,3.0
1532025973_1534254880,en,en,4.0,4.0
1526281272_1530299330,en,en,2.0,2.0
1554303551_1554277700,en,en,1.0,1.0
1544410368_1543522007,en,en,2.0,2.0
1545230268_1544041147,en,en,1.5,1.5
1560885203_1579331635,en,en,3.0,4.0
1510316275_1539979752,en,en,1.0,1.0
1548662461_1548144863,en,en,3.0,3.0
1539945090_1520338428,en,en,4.0,4.0
1503549678_1497494944,en,en,4.0,4.0
1498916908_1550936019,en,en,4.0,4.0
1538668229_1521307830,en,en,2.0,2.0
1530332888_1494127630,en,en,4.0,4.0
1536570914_1533295005,en,en,2.0,3.0
1560364300_1552214025,en,en,1.0,2.0
1547937044_1525201045,en,en,4.0,4.0
1554834107_1554362580,en,en,1.0,1.0
1551884766_1552472467,en,en,4.0,3.0
1547247781_1503931591,en,en,4.0,3.0
1501590552_1545699955,en,en,4.0,4.0
1559024859_1558627886,en,en,3.5,3.5
1497072555_1530965924,en,en,2.0,2.333333333333333
1484430020_1483808942,en,en,1.0,1.0
1537223260_1525720508,en,en,4.0,4.0
1548975034_1548927334,de,de,1.0,1.0
1487784284_1488415794,de,de,1.6666666666666667,2.6666666666666665
1534916278_1529555270,de,de,1.0,1.0
1545798763_1545238427,de,de,1.0,1.0
1548134247_1558637088,de,de,2.0,1.5
1533604530_1535418267,de,de,2.0,1.0
1503512847_1502637468,de,de,2.0,1.0
1518688997_1516663870,de,de,2.0,1.3333333333333333
1485981420_1499446852,de,de,2.333333333333333,2.333333333333333
1560871108_1548995716,de,de,2.0,2.0
1510370473_1527664297,de,de,3.0,2.0
1557994102_1559696741,de,de,1.5,1.5
1561028848_1564062892,de,de,3.5,2.5
1519482298_1518950817,de,de,1.0,1.0
1546284194_1561447633,de,de,3.6666666666666665,3.333333333333333
1539443707_1553813259,de,de,4.0,4.0
1532843578_1531363155,de,de,1.0,1.0
1564192154_1567142175,de,de,2.0,2.0
1557589492_1491754373,de,de,4.0,4.0
1523946642_1549329823,de,de,2.6666666666666665,2.333333333333333
1544460647_1517108188,de,de,3.0,2.6666666666666665
1501928394_1502495064,de,de,1.6666666666666667,1.0
1542549977_1494489415,de,de,4.0,4.0
1557788028_1510529233,de,de,4.0,4.0
1554792052_1546052091,de,de,4.0,4.0
1537029694_1536982912,de,de,1.0,1.0
1557318931_1536297116,de,de,4.0,3.5
1514357477_1537941856,de,de,3.6666666666666665,3.0
1557669690_1556594375,de,de,2.0,1.3333333333333333
1497549470_1564764980,de,de,4.0,4.0
1511653095_1511149082,de,de,1.0,1.0
1552954828_1553997105,de,de,1.0,1.0
1530532767_1560451878,de,de,3.0,2.5
1536973352_1539246036,de,de,1.0,2.0
1555806746_1548359138,de,de,3.0,3.0
1549304758_1550374917,de,de,1.0,1.0
1523753631_1500180716,de,de,3.0,3.0
1530400192_1506627212,de,de,3.6666666666666665,3.6666666666666665
1530792641_1530661152,de,de,1.3333333333333333,1.3333333333333333
1494510517_1494607195,de,de,2.0,2.0
1513365913_1484612812,de,de,2.6666666666666665,2.6666666666666665
1527793767_1527758218,de,de,1.0,1.0
1543758283_1600298887,de,de,1.0,1.0
1534350585_1495302307,de,de,2.0,3.0
1498839936_1489887316,de,de,3.0,2.0
1530385395_1530830026,de,de,1.0,1.0
1554483585_1555541874,de,de,3.5,3.5
1563872037_1559883992,de,de,1.5,1.0
1546325560_1514299413,de,de,2.0,2.0
1562302797_1562009290,de,de,2.0,2.0
1494429956_1494610604,de,de,1.0,1.0
1496579329_1493472116,de,de,2.0,1.5
1562362996_1562474583,de,de,3.0,2.0
1503974118_1505821592,de,de,2.333333333333333,1.6666666666666667
1564016081_1564115328,de,de,1.0,1.0
1520170413_1513555198,de,de,3.0,2.0
1520022698_1518249666,de,de,2.0,1.3333333333333333
1547594330_1544057457,de,de,2.0,2.0
1496361342_1495999758,de,de,1.3333333333333333,1.0
1508817483_1508523302,de,de,1.0,1.0
1503702101_1505759846,de,de,2.0,1.0
1552892659_1552630870,de,de,1.0,1.5
1543598668_1544079621,de,de,1.6666666666666667,1.6666666666666667
1533602682_1531476567,de,de,3.0,2.6666666666666665
1491738033_1490665468,de,de,2.333333333333333,1.3333333333333333
1542017379_1493006164,de,de,2.0,1.5
1560467291_1560775321,de,de,1.3333333333333333,1.3333333333333333
1489586581_1487943620,de,de,3.0,2.0
1537248665_1532698983,de,de,3.0,2.5
1530162217_1529636362,de,de,1.0,1.0
1556264775_1555629473,de,de,1.0,1.0
1520859235_1514804128,de,de,2.0,1.0
1537006701_1533725092,de,de,4.0,4.0
1489222491_1564161904,de,de,4.0,4.0
1533588597_1533519371,de,de,1.3333333333333333,1.0
1524608795_1525314842,de,de,1.3333333333333333,1.3333333333333333
1560463241_1539479902,de,de,4.0,4.0
1531340266_1530953189,de,de,1.0,1.0
1499773941_1504681096,de,de,1.0,1.0
1510603325_1486855340,de,de,1.3333333333333333,2.0
1489543512_1486626058,de,de,1.0,2.0
1564947150_1556566256,de,de,2.0,2.0
1506515410_1499069692,es,es,3.0,2.0
1538117833_1510461605,es,es,3.0,3.0
1520892701_1518217634,es,es,2.0,1.5
1487876368_1487204735,es,es,2.0,2.0
1520067473_1497784048,es,es,4.0,4.0
1563089475_1559429945,es,es,4.0,3.5
1565041440_1511348659,es,es,3.0,3.0
1550144921_1558564279,es,es,4.0,3.0
1501637171_1490743957,es,es,2.0,2.0
1554975960_1554983801,es,es,1.0,1.0
1547684620_1546193085,es,es,2.0,1.0
1560663735_1560864184,es,es,1.5,1.0
1495662834_1561101517,es,es,4.0,4.0
1520044896_1519292460,es,es,3.0,2.0
1526593209_1526507719,es,es,2.0,2.0
1490853417_1513459495,es,es,3.0,3.0
1562337562_1562254127,es,es,1.0,1.0
1558347214_1511874411,es,es,4.0,4.0
1486090263_1566330142,es,es,4.0,4.0
1526662837_1525899670,es,es,2.0,2.0
1532294689_1532134785,es,es,2.0,1.0
1496093814_1495974012,es,es,2.0,1.0
1504098879_1547740339,es,es,4.0,3.0
1563284439_1564413963,es,es,1.0,1.0
1488728511_1488120598,es,es,1.5,1.5
1514268686_1489137689,es,es,4.0,4.0
1523402197_1556652667,es,es,4.0,4.0
1553078587_1552497240,es,es,1.0,2.0
1547327916_1546761104,es,es,3.0,2.0
1518589991_1517811919,es,es,1.0,1.0
1497458811_1497591821,es,es,2.0,1.0
1504647307_1502937048,es,es,1.0,1.0
1540670910_1506266149,es,es,4.0,3.0
1498671960_1484637874,es,es,2.0,2.0
1513254776_1513156326,es,es,3.0,3.0
1496971125_1505204186,es,es,3.0,2.0
1517268324_1517432493,es,es,1.5,1.5
1493756300_1497120324,es,es,2.0,1.0
1514265206_1514219000,es,es,1.0,1.0
1544015742_1542267514,es,es,2.0,2.0
1529987364_1515868256,es,es,4.0,4.0
1560213398_1493980997,es,es,2.0,2.0
1494077821_1493943763,es,es,2.0,1.0
1485381958_1486489979,es,es,2.0,2.0
1522597603_1547455410,es,es,2.0,2.0
1489722723_1551364537,es,es,3.0,4.0
1484986822_1484827446,es,es,2.0,1.0
1556689107_1561675378,es,es,2.0,2.0
1560469646_1627329034,es,es,2.0,2.0
1493390872_1493144840,es,es,2.0,1.0
1485776305_1486286021,es,es,2.0,2.0
1532260699_1533089879,es,es,2.0,2.0
1484753436_1558919731,es,es,4.0,4.0
1488687999_1530890711,es,es,4.0,4.0
1563564991_1563641968,es,es,3.0,2.0
1490065925_1491342609,es,es,3.0,2.0
1544021771_1544021707,es,es,3.0,2.0
1523389159_1496844172,es,es,3.0,3.0
1551009537_1552299934,es,es,3.0,2.0
1513547655_1558820007,es,es,4.0,4.0
1492202831_1484251891,es,es,4.0,4.0
1644426929_1645403932,pl,pl,1.0,1.0
1642189816_1645260723,pl,pl,4.0,3.0
1512662195_1512701999,pl,pl,2.0,2.0
1622107953_1619946734,pl,pl,2.0,1.0
1563515842_1547456142,pl,pl,3.0,3.0
1615472991_1615441992,pl,pl,1.0,1.0
1560518688_1559747835,pl,pl,1.0,1.0
1579198492_1579156711,pl,pl,2.0,1.0
1512764527_1512775791,pl,pl,1.0,1.0
1500062898_1496968283,pl,pl,4.0,3.0
1638238366_1640990544,pl,pl,2.0,2.0
1587631150_1587155755,pl,pl,1.0,1.0
1537050788_1536175708,pl,pl,2.0,2.0
1633768098_1498449090,pl,pl,3.0,3.0
1583851335_1586958605,pl,pl,2.0,2.0
1515287851_1513814559,pl,pl,1.0,1.0
1545061860_1643460794,pl,pl,3.0,3.0
1554940442_1537317016,pl,pl,4.0,4.0
1509946630_1584880806,pl,pl,4.0,4.0
1489915128_1620273572,pl,pl,3.0,3.0
1621970744_1619994075,pl,pl,2.0,2.0
1603571488_1522097306,pl,pl,4.0,4.0
1576176423_1562931711,pl,pl,2.0,2.0
1643662612_1643475756,pl,pl,1.0,1.0
1635220766_1635220986,pl,pl,1.0,1.0
1637908127_1620058106,pl,pl,3.0,2.0
1517148707_1520972314,pl,pl,4.0,4.0
1548275840_1555147462,pl,pl,4.0,3.0
1641351995_1641420616,pl,pl,1.0,1.0
1488420571_1574397843,pl,pl,4.0,4.0
1548149047_1530756657,pl,pl,2.0,2.0
1591704937_1641550599,pl,pl,4.0,4.0
1571351611_1579754009,pl,pl,3.0,3.0
1531982641_1522736282,pl,pl,3.0,3.0
1518809274_1494608911,pl,pl,3.0,3.0
1588624670_1591096560,pl,pl,3.0,2.0
1621093449_1621821201,pl,pl,2.0,2.0
1586097551_1583890602,pl,pl,1.0,1.0
1636270984_1637277809,pl,pl,4.0,4.0
1577243950_1502081357,pl,pl,4.0,4.0
1513649255_1519669783,pl,pl,1.0,1.0
1612786246_1624357229,pl,pl,2.0,1.0
1548807915_1573369333,pl,pl,2.0,2.0
1518001400_1517102549,pl,pl,2.0,2.0
1524131522_1524047547,pl,pl,1.0,1.0
1498288695_1497306769,pl,pl,4.0,3.0
1559442620_1610877859,pl,pl,4.0,4.0
1647231131_1647258152,pl,pl,2.0,2.0
1583730666_1618151474,pl,pl,4.0,4.0
1589323357_1585226122,pl,pl,2.0,2.0
1550670791_1551041691,pl,pl,4.0,4.0
1620069652_1580308212,pl,pl,4.0,4.0
1548314615_1548289807,pl,pl,1.0,1.0
1497900262_1621474981,pl,pl,4.0,4.0
1511822302_1538611579,pl,pl,4.0,3.0
1527813778_1527743841,pl,pl,1.0,1.0
1603861125_1513629262,pl,pl,2.0,2.0
1576140947_1626612148,pl,pl,4.0,4.0
1631921897_1632216243,pl,pl,3.0,2.0
1553073710_1566568614,pl,pl,3.0,3.0
1630924482_1571226210,pl,pl,4.0,4.0
1564198980_1564171892,pl,pl,1.0,1.0
1560539328_1560641211,pl,pl,1.0,1.0
1642711611_1642684297,pl,pl,2.0,1.0
1562907223_1643861208,pl,pl,3.0,3.0
1602102184_1590972644,pl,pl,2.0,2.0
1545296257_1545046412,pl,pl,3.0,4.0
1565427299_1588599083,pl,pl,3.0,3.0
1552659007_1566999389,pl,pl,3.0,3.0
1617926902_1597726773,pl,pl,4.0,4.0
1616899983_1486182293,pl,pl,3.0,3.0
1547562170_1645421870,pl,pl,4.0,4.0
1487927890_1565360149,pl,pl,4.0,4.0
1578896141_1581180830,pl,pl,1.0,1.0
1527655759_1519089618,pl,pl,2.0,2.0
1618172641_1618303737,pl,pl,1.0,1.0
1561464956_1565610869,tr,tr,1.0,1.0
1628702390_1628786465,tr,tr,1.0,1.0
1602526419_1556386292,tr,tr,3.0,3.0
1496135228_1496163473,tr,tr,1.0,1.0
1612142220_1578810652,tr,tr,4.0,4.0
1611897222_1629779136,tr,tr,4.0,4.0
1620641054_1638263847,tr,tr,4.0,3.0
1516837074_1516082727,tr,tr,2.0,1.0
1571230632_1548193679,tr,tr,3.0,3.0
1563184957_1554843555,tr,tr,2.0,2.0
1587544805_1500683778,tr,tr,3.0,3.0
1584783868_1573761452,tr,tr,3.0,3.0
1557298080_1635640253,tr,tr,4.0,3.0
1494278873_1647578072,tr,tr,4.0,4.0
1589341074_1595223395,tr,tr,4.0,4.0
1553561731_1553515970,tr,tr,1.0,1.0
1544259223_1611945335,tr,tr,4.0,4.0
1544739685_1512678466,tr,tr,2.0,2.0
1585589993_1585627260,tr,tr,1.0,1.0
1561669608_1561545089,tr,tr,4.0,4.0
1578844117_1588022025,tr,tr,4.0,3.0
1641687779_1640986883,tr,tr,2.0,2.0
1572315508_1557562239,tr,tr,4.0,4.0
1577021542_1576473161,tr,tr,2.0,2.0
1628310008_1613898615,tr,tr,3.0,3.0
1620006830_1637225516,tr,tr,4.0,3.0
1527457673_1525006697,tr,tr,3.0,3.0
1584526210_1601430334,tr,tr,4.0,3.0
1577788489_1507055382,tr,tr,4.0,4.0
1600178354_1557701170,tr,tr,4.0,4.0
1546583365_1629167334,tr,tr,4.0,3.0
1552894319_1504545030,tr,tr,4.0,4.0
1562376098_1576968072,tr,tr,4.0,3.5
1497103853_1561866172,tr,tr,4.0,4.0
1618971409_1593398426,tr,tr,4.0,3.0
1561345928_1643944514,tr,tr,3.0,3.0
1612236287_1487174072,tr,tr,4.0,4.0
1494552182_1514448546,tr,tr,3.0,3.0
1485492890_1547964059,tr,tr,2.0,3.0
1616050667_1616651613,tr,tr,1.0,1.0
1498439898_1498955583,tr,tr,4.0,4.0
1529550919_1510201251,tr,tr,4.0,4.0
1632068406_1596335249,tr,tr,4.0,3.0
1603437551_1563821009,tr,tr,2.0,2.0
1534451099_1606443963,tr,tr,4.0,4.0
1570649417_1603582218,tr,tr,4.0,3.0
1525277488_1566545655,tr,tr,4.0,4.0
1527485889_1563077629,tr,tr,4.0,3.0
1642467510_1507033428,tr,tr,4.0,4.0
1552729096_1639408726,tr,tr,4.0,4.0
1559286401_1555751225,tr,tr,3.0,3.0
1612741961_1615496384,tr,tr,4.0,3.0
1611327962_1606942069,tr,tr,3.0,3.0
1646684423_1601369019,tr,tr,2.0,2.0
1515528402_1514037717,tr,tr,3.0,2.0
1637697418_1501697833,tr,tr,3.0,3.0
1557088178_1640602326,tr,tr,1.0,2.0
1592583692_1525485646,tr,tr,3.0,3.0
1570084446_1532935619,tr,tr,4.0,4.0
1647904457_1614407375,tr,tr,4.0,4.0
1543726961_1613866579,tr,tr,4.0,3.5
1581112228_1619815801,tr,tr,4.0,4.0
1632736756_1629610004,tr,tr,4.0,3.0
1516277559_1514039153,tr,tr,4.0,3.0
1563232734_1563276553,tr,tr,3.0,2.0
1511891918_1528834834,tr,tr,3.0,3.0
1536929676_1535325643,tr,tr,2.0,2.0
1626229528_1550214620,tr,tr,4.0,4.0
1582021901_1605294907,tr,tr,4.0,3.0
1532396903_1529348042,tr,tr,2.0,2.0
1603595756_1569835312,tr,tr,2.0,2.0
1641687789_1645981886,tr,tr,3.0,3.0
1569908037_1486138610,tr,tr,4.0,4.0
1645673010_1622273014,tr,tr,3.0,3.0
1524597994_1528408017,ar,ar,3.0,4.0
1499859551_1499182313,ar,ar,1.0,1.0
1562580839_1609826078,ar,ar,1.0,4.0
1647122142_1647230583,ar,ar,3.0,3.0
1505334255_1505063501,ar,ar,2.0,3.0
1502618767_1546219354,ar,ar,2.0,2.0
1552526898_1552403836,ar,ar,3.0,3.0
1589618064_1604257731,ar,ar,4.0,4.0
1588901613_1594533205,ar,ar,4.0,4.0
1500972524_1641941202,ar,ar,2.0,2.0
1580308792_1610583998,ar,ar,1.0,1.0
1539225225_1604106053,ar,ar,4.0,4.0
1590068801_1486991425,ar,ar,4.0,4.0
1551687002_1551666366,ar,ar,2.0,1.0
1557827326_1638618122,ar,ar,4.0,4.0
1513443536_1556195690,ar,ar,4.0,4.0
1618677009_1623194064,ar,ar,1.0,1.0
1592085965_1567830952,ar,ar,1.0,1.0
1595028884_1555030073,ar,ar,1.0,1.0
1566447642_1582626838,ar,ar,2.0,4.0
1498966149_1499146657,ar,ar,3.0,1.0
1640724079_1641509405,ar,ar,1.0,1.0
1552392654_1552514260,ar,ar,1.0,1.0
1612662952_1575561189,ar,ar,3.0,3.0
1548303752_1548337846,ar,ar,1.0,1.0
1575309020_1569847683,ar,ar,1.0,1.0
1620944017_1645068454,ar,ar,3.0,2.0
1526736129_1545944452,ar,ar,3.0,2.0
1541678941_1504119276,ar,ar,4.0,4.0
1648061995_1574802039,ar,ar,2.0,4.0
1601932555_1595660222,ar,ar,4.0,4.0
1495071531_1619028999,ar,ar,3.0,4.0
1609803020_1646170316,ar,ar,4.0,4.0
1614835702_1636792798,ar,ar,4.0,4.0
1593204643_1647127227,ar,ar,2.0,1.0
1520082826_1520095914,ar,ar,4.0,4.0
1599433119_1627179240,ar,ar,1.0,1.0
1548794470_1577871329,ar,ar,3.0,2.0
1622365604_1605269698,ar,ar,3.0,4.0
1605713822_1627526731,ar,ar,4.0,4.0
1618097641_1623522967,ar,ar,2.0,4.0
1585265823_1528454250,ar,ar,4.0,4.0
1646531792_1644291271,ar,ar,1.0,1.0
1526181124_1513041999,ar,ar,2.0,1.0
1510620320_1504644294,ar,ar,2.0,2.0
1554326066_1559297182,ar,ar,4.0,4.0
1587231302_1564161636,ar,ar,4.0,4.0
1534564788_1534763481,ar,ar,2.0,2.0
1569225237_1567954596,ar,ar,2.0,2.0
1494938686_1641026764,ar,ar,4.0,4.0
1530674658_1561562940,ar,ar,4.0,4.0
1588992134_1592513368,ar,ar,4.0,4.0
1638280274_1638275583,ar,ar,1.0,2.0
1490376972_1503332608,ar,ar,4.0,4.0
1548358382_1575951812,ar,ar,4.0,3.0
1501869914_1523760968,ar,ar,4.0,4.0
1590122849_1495436840,ar,ar,4.0,4.0
1486842236_1581142113,ar,ar,3.0,4.0
1578322414_1486580327,ar,ar,4.0,4.0
1595090892_1494940392,ar,ar,4.0,4.0
1620944751_1535409018,ar,ar,3.0,3.0
1549482507_1578928599,ar,ar,1.0,4.0
1554908373_1582192225,ar,ar,4.0,4.0
1623769574_1623166892,ar,ar,3.0,2.0
1606347420_1618447750,ar,ar,1.0,2.0
1632450933_1568206802,ar,ar,4.0,4.0
1610664205_1576382245,ar,ar,3.0,2.0
1563185490_1490339654,ar,ar,4.0,4.0
1587290408_1612140006,ar,ar,4.0,4.0
1556258728_1646052928,ar,ar,1.0,4.0
1518482804_1518425684,ar,ar,1.0,1.0
1609231138_1520966838,ar,ar,2.0,4.0
1638702471_1607922877,ar,ar,4.0,4.0
1584812595_1575550344,ar,ar,1.0,1.0
1551829707_1550828021,ar,ar,2.0,4.0
1613566523_1615053431,ar,ar,1.0,2.0
1568969466_1564588744,ar,ar,3.0,2.0
1543908320_1517201423,ar,ar,1.0,1.0
1601034280_1601163175,ar,ar,2.0,1.0
1545776513_1557525206,ar,ar,2.0,3.0
1610975128_1637536892,ar,ar,4.0,4.0
1613415748_1647937292,ar,ar,2.0,2.0
1520584145_1505376955,ar,ar,1.0,2.0
1518401638_1505277471,ar,ar,4.0,4.0
1640827472_1594121501,ar,ar,4.0,4.0
1625210580_1484522542,ar,ar,2.0,2.0
1499899995_1532881992,ar,ar,4.0,4.0
1589629140_1566463686,ar,ar,3.0,3.0
1605328187_1566426842,ar,ar,4.0,4.0
1516994752_1516052041,ar,ar,2.0,1.0
1596789460_1626147793,ar,ar,1.0,3.0
1643989928_1644045100,ar,ar,1.0,1.0
1571603037_1575613280,ar,ar,4.0,4.0
1582371154_1608723732,ar,ar,4.0,3.0
1575489162_1599182780,ar,ar,4.0,4.0
1577759403_1550536826,ar,ar,2.0,2.0
1562606783_1636181446,ar,ar,4.0,4.0
1646958931_1647551651,ar,ar,3.0,1.0
1622593538_1628168192,ar,ar,2.0,1.0
1514531163_1538470853,ar,ar,1.0,1.0
1642358782_1601797982,ar,ar,3.0,1.0
1635652108_1575975558,ar,ar,4.0,4.0
1593474570_1577189607,ar,ar,1.0,4.0
1553514976_1553178393,ar,ar,1.0,1.0
1633796270_1582549587,ar,ar,1.0,1.0
1632429518_1539262183,ar,ar,4.0,4.0
1605641733_1605747423,ar,ar,1.0,1.0
1628933951_1647207461,ar,ar,4.0,4.0
1647286172_1582847246,ar,ar,4.0,4.0
1498542404_1520265593,ar,ar,2.0,1.0
1583706887_1609745900,ar,ar,4.0,3.0
1513506195_1488096908,ar,ar,3.0,4.0
1537055886_1531755811,ar,ar,2.0,4.0
1577761684_1617304197,ar,ar,3.0,3.0
1571566705_1634156714,ar,ar,4.0,4.0
1568041673_1561870065,ar,ar,1.0,1.0
1553404325_1563159752,ar,ar,2.0,1.0
1512990161_1525628321,ar,ar,4.0,4.0
1516834300_1578335111,ar,ar,4.0,4.0
1585679927_1602734066,ar,ar,4.0,4.0
1592036914_1592784163,ar,ar,3.0,3.0
1496492212_1496539369,ar,ar,1.0,1.0
1566313637_1495444238,en,en,4.0,3.0
1567476711_1618365335,en,en,3.0,2.0
1628282664_1628379802,en,en,1.0,1.0
1547184894_1622811499,en,en,4.0,4.0
1533329567_1534080703,en,en,4.0,4.0
1626602438_1626389908,en,en,2.0,2.0
1594510356_1595788991,en,en,3.0,1.0
1602628318_1522567203,en,en,2.0,3.0
1495970395_1496333551,fr,fr,3.0,3.0
1635923296_1635936176,fr,fr,1.0,2.0
1564263834_1577890502,fr,fr,2.0,2.0
1543857601_1542505227,fr,fr,1.0,2.0
1537354916_1577247511,fr,fr,2.0,3.0
1502823332_1487134433,fr,fr,4.0,4.0
1583184120_1632063291,fr,fr,3.0,3.0
1537570567_1566397262,fr,fr,2.0,2.0
1640062783_1643348555,fr,fr,1.0,1.0
1644892449_1582681511,fr,fr,3.0,3.0
1523629462_1525536497,fr,fr,1.0,1.0
1511187369_1512232474,fr,fr,1.0,1.0
1595007999_1581890880,pl,pl,2.0,2.0
1610100141_1610072930,pl,pl,1.0,1.0
1499803438_1498862544,pl,pl,1.0,1.0
1515531154_1521759056,pl,pl,1.0,2.0
1500025617_1500630351,pl,pl,1.0,1.0
1569160450_1564459788,pl,pl,2.0,2.0
1620905861_1622131369,pl,pl,2.0,1.0
1556582670_1556510689,pl,pl,1.0,1.0
1589934116_1589989148,pl,pl,2.0,1.0
1619422718_1597128979,pl,pl,3.0,3.0
1519758618_1514477529,pl,pl,1.0,1.0
1634957806_1622253537,pl,pl,3.0,3.0
1588493172_1646807399,pl,pl,3.0,2.0
1589875528_1595615761,pl,pl,2.0,2.0
1630210611_1629824328,pl,pl,2.0,2.0
1518760081_1518725678,pl,pl,4.0,4.0
1575075148_1573083505,pl,pl,3.0,3.0
1588941408_1546044715,pl,pl,3.0,3.0
1638659955_1610014644,pl,pl,2.0,2.0
1497319111_1500317675,pl,pl,4.0,3.0
1578248872_1578353401,pl,pl,4.0,4.0
1489697227_1542090172,pl,pl,3.0,3.0
1588668180_1584400874,pl,pl,2.0,2.0
1546960567_1556346073,tr,tr,3.0,3.0
1642547069_1574351828,tr,tr,4.0,3.0
1563450550_1545340880,tr,tr,4.0,4.0
1629001751_1633996644,tr,tr,4.0,4.0
1567690527_1614678384,tr,tr,4.0,4.0
1612359605_1519306811,tr,tr,4.0,4.0
1546477852_1577494436,tr,tr,4.0,4.0
1490523441_1610808468,tr,tr,4.0,4.0
1535252491_1536083017,tr,tr,2.0,2.0
1532294516_1513209740,tr,tr,1.0,1.0
1557620672_1554658570,tr,tr,2.0,2.0
1585489289_1651548016,tr,tr,3.0,3.0
1513580849_1529645374,tr,tr,4.0,4.0
1607746508_1592501255,tr,tr,3.0,4.0
1546140587_1582799785,tr,tr,4.0,3.0
1562030021_1645373429,tr,tr,2.0,2.0
1623511909_1555617662,tr,tr,3.0,3.0
1637432851_1637683505,tr,tr,1.0,1.0
1605140510_1602384629,tr,tr,1.0,1.0
1558738909_1554147535,tr,tr,3.0,3.0
1550804432_1642410655,tr,tr,4.0,4.0
1598158701_1560910723,tr,tr,3.0,3.0
1645499411_1545598979,tr,tr,3.0,3.0
1488267473_1488549290,tr,tr,2.0,2.0
1614264953_1564823157,tr,tr,3.0,3.0
1530383944_1503027112,tr,tr,4.0,4.0
1515343439_1519112384,tr,tr,2.0,2.0
1561605229_1561702843,tr,tr,1.0,1.0
1568770371_1590941360,tr,tr,3.0,3.0
1492565561_1522833362,tr,tr,1.0,1.0
1517032736_1612668336,tr,tr,3.0,3.0
1539100857_1620996949,tr,tr,4.0,4.0
1538115899_1551595176,tr,tr,4.0,3.0
1516818134_1526005385,tr,tr,1.0,2.0
1484655650_1558731777,tr,tr,4.0,4.0
1553678989_1598174106,tr,tr,3.0,3.0
1573325721_1609531440,tr,tr,4.0,3.0
1521865285_1566604709,tr,tr,4.0,4.0
1582460208_1610957148,tr,tr,1.0,1.0
1643533380_1621140231,tr,tr,4.0,3.0
1501361177_1501010069,tr,tr,1.0,1.0
1578688252_1560431830,tr,tr,3.0,3.0
1489542862_1488910467,tr,tr,1.0,1.0
1567551112_1635640259,tr,tr,4.0,4.0
1485338037_1596137295,tr,tr,4.0,4.0
1590412143_1507066338,tr,tr,4.0,4.0
1642942828_1642927390,tr,tr,1.0,1.0
1523398655_1525125636,tr,tr,2.0,2.0
1647912787_1567467029,tr,tr,4.0,4.0
1619114481_1527714674,tr,tr,2.0,2.0
1629875809_1630206618,tr,tr,1.0,1.0
1622743303_1590732501,tr,tr,3.0,3.0
1590942125_1495328735,tr,tr,4.0,4.0
1558601736_1491745762,tr,tr,4.0,3.0
1637277879_1636684232,tr,tr,1.0,1.0
1560768704_1610187682,tr,tr,2.0,2.0
1561428527_1569412922,tr,tr,2.0,2.0
1618672883_1602314227,tr,tr,3.0,3.0
1623371372_1623889584,tr,tr,1.0,1.0
1514914913_1507283833,tr,tr,2.0,1.0
1580825935_1632750581,tr,tr,4.0,4.0
1569886546_1545778520,tr,tr,2.0,2.0
1555564359_1525301467,tr,tr,4.0,4.0
1535369986_1544211916,tr,tr,4.0,4.0
1618868706_1581843586,tr,tr,4.0,4.0
1607318875_1594300162,tr,tr,3.0,3.0
1607621210_1539870625,tr,tr,4.0,4.0
1515104387_1485765394,tr,tr,4.0,3.0
1485799112_1485302370,tr,tr,3.0,3.0
1641042866_1593330019,tr,tr,4.0,4.0
1603096953_1537020893,tr,tr,3.0,3.0
1604617860_1539942391,tr,tr,3.0,3.0
1576137391_1512808280,tr,tr,4.0,4.0
1484906489_1599877677,tr,tr,4.0,4.0
1633085107_1565151702,tr,tr,4.0,4.0
1591126729_1590845137,tr,tr,2.0,2.0
1624469636_1602083005,tr,tr,4.0,4.0
1560680372_1560472864,tr,tr,1.0,1.0
1532223952_1629001512,tr,tr,3.0,3.0
1638600814_1641569192,tr,tr,1.0,1.0
1562266583_1606125485,tr,tr,3.0,3.0
1498462297_1578949681,tr,tr,3.0,4.0
1625596738_1617606072,tr,tr,2.0,2.0
1489550270_1497478420,tr,tr,2.0,2.0
1591116774_1519944175,tr,tr,4.0,3.0
1604694239_1523523374,tr,tr,4.0,4.0
1495372352_1534640473,tr,tr,4.0,4.0
1550608038_1560523325,tr,tr,1.0,1.0
1620397372_1588125319,tr,tr,4.0,3.0
1623254884_1628704622,tr,tr,1.0,1.0
1593248979_1591624268,tr,tr,3.0,3.0
1582727564_1516949531,tr,tr,4.0,4.0
1514676673_1514676714,tr,tr,1.0,1.0
1517391403_1491582338,tr,tr,4.0,4.0
1565156761_1603080245,tr,tr,3.0,3.0
1579904048_1613866868,tr,tr,3.0,3.0
1617735673_1581843572,tr,tr,4.0,3.0
1516446243_1588142993,tr,tr,4.0,4.0
1624625436_1636397742,de,de,2.0,3.0
1531691988_1616177390,de,de,3.0,4.0
1572683372_1626462681,de,de,4.0,4.0
1554238887_1532332151,de,de,3.0,3.0
1566797369_1585727128,de,de,3.0,3.0
1495532087_1499205457,de,de,1.0,1.0
1594019539_1606582878,de,de,4.0,4.0
1490771436_1491597474,de,de,2.0,2.0
1559712366_1526690494,de,de,3.0,3.0
1589800210_1589643239,de,de,1.0,1.0
1638578804_1494539974,de,de,4.0,4.0
1614550354_1627711616,de,de,1.0,3.0
1539386219_1540402821,de,de,2.0,1.0
1640904400_1640831864,de,de,2.0,1.0
1495495512_1494691642,de,de,3.0,2.0
1558333137_1562738094,de,de,3.0,2.0
1497631146_1492639441,de,de,3.0,3.0
1536288991_1535363067,de,de,2.0,2.0
1531219987_1511878397,de,de,3.0,3.0
1523685351_1631472801,de,de,3.0,3.0
1537004550_1626728858,de,de,4.0,4.0
1551638596_1522977304,de,de,4.0,4.0
1605409219_1494438337,de,de,2.0,3.0
1630542630_1624816247,de,de,3.0,1.0
1645789826_1634058367,de,de,4.0,4.0
1484491736_1498125989,de,de,3.0,2.0
1527168175_1527436425,de,de,2.0,2.0
1641438556_1608384863,de,de,2.0,2.0
1640589337_1641039435,de,de,1.0,1.0
1632101291_1631173947,de,de,2.0,1.0
1574695266_1573845500,de,de,1.0,1.0
1627348989_1647990025,de,de,4.0,4.0
1555775334_1585516310,de,de,1.0,2.0
1495770084_1512157232,de,de,2.0,3.0
1597656477_1598652936,de,de,1.0,1.0
1554303122_1608518926,de,de,3.0,3.0
1487507544_1485406806,de,de,1.0,1.0
1630970749_1596569650,de,de,4.0,4.0
1589132569_1556286781,de,de,2.0,2.0
1495337004_1494827452,de,de,1.0,1.0
1579684239_1539898913,de,de,3.0,2.0
1593529203_1588894885,de,de,3.0,3.0
1492856956_1519141126,de,de,3.0,3.0
1641597247_1641595443,de,de,1.0,1.0
1531925320_1531541407,de,de,2.0,1.0
1640094535_1583298375,de,de,3.0,4.0
1627069490_1634045300,de,de,2.0,3.0
1560497649_1596229202,de,de,4.0,3.0
1570873255_1570295824,de,de,1.0,2.0
1511885401_1511730617,de,de,1.0,2.0
1593300827_1579778166,de,de,2.0,3.0
1500023330_1500235806,de,de,1.0,1.0
1551135469_1551790306,de,de,1.0,1.0
1503884389_1545788957,de,de,4.0,4.0
1596916246_1636191913,de,de,4.0,4.0
1623429686_1646024405,de,de,4.0,4.0
1564750167_1564478228,de,de,1.0,1.0
1577477415_1576059325,de,de,1.0,1.0
1624216990_1621537007,de,de,2.0,2.0
1533500762_1534596829,de,de,1.0,1.0
1591316676_1591409166,de,de,1.0,1.0
1524273421_1517884359,de,de,4.0,4.0
1641353137_1641582838,de,de,1.0,1.0
1562615818_1557697196,de,de,2.0,2.0
1646338117_1629802048,de,de,4.0,4.0
1619417515_1541279208,de,de,3.0,3.0
1538516426_1587918510,de,de,4.0,4.0
1614326538_1634325419,de,de,2.0,2.0
1591922061_1623102129,de,de,4.0,4.0
1530870288_1530637383,de,de,1.0,1.0
1609068534_1647990025,de,de,4.0,4.0
1548769376_1630236697,de,de,2.0,2.0
1514750586_1514046647,de,de,3.0,2.0
1639122021_1641643207,de,de,4.0,4.0
1515370594_1514211232,de,de,1.0,1.0
1563309549_1538241954,de,de,4.0,4.0
1574646955_1574192243,de,de,2.0,2.0
1503088572_1556182909,de,de,2.0,2.0
1542708942_1500540958,de,de,2.0,2.0
1513898171_1633310218,de,de,4.0,3.0
1634617489_1634120151,de,de,1.0,1.0
1638444450_1646971019,de,de,1.0,1.0
1549365157_1549175725,de,de,1.0,1.0
1593242729_1506953769,de,de,4.0,4.0
1492574693_1492583491,de,de,1.0,1.0
1561613080_1614806550,de,de,3.0,3.0
1606851260_1539254519,de,de,4.0,4.0
1611954217_1512256713,de,de,2.0,2.0
1634033278_1576869689,de,de,3.0,2.0
1580986687_1605389491,de,de,4.0,3.0
1512279031_1512952136,de,de,2.0,2.0
1578797809_1577939219,de,de,1.0,1.0
1512852781_1495990721,de,de,3.0,3.0
1512417954_1530932176,de,de,2.0,2.0
1570528491_1585571730,de,de,3.0,3.0
1636071284_1632845395,de,de,1.0,1.0
1519996737_1502754068,de,de,3.0,3.0
1597252870_1598529669,de,de,1.0,1.0
1611642024_1574766963,de,de,4.0,4.0
1631007501_1630829939,de,de,1.0,1.0
1591941289_1576889083,de,de,2.0,3.0
1607382012_1610621238,de,de,3.0,2.0
1504751061_1504151267,de,de,1.0,1.0
1591139818_1636327459,de,de,4.0,4.0
1592056363_1591153638,de,de,3.0,3.0
1505729517_1499863494,de,de,2.0,2.0
1597542108_1626334226,de,de,2.0,2.0
1578316376_1579984482,de,de,2.0,2.0
1620536394_1536304017,de,de,3.0,3.0
1639838860_1626729405,de,de,2.0,2.0
1522472681_1522687232,de,de,1.0,1.0
1529098680_1529098684,de,de,1.0,3.0
1579097408_1568005040,de,de,3.0,3.0
1605320034_1555126785,de,de,3.0,2.0
1513478619_1513438231,de,de,3.0,3.0
1644732653_1532005445,de,de,4.0,4.0
1498914477_1509208234,de,de,2.0,2.0
1527293926_1526319912,de,de,3.0,3.0
1558471108_1549565669,de,de,4.0,4.0
1525220240_1525181109,de,de,1.0,1.0
1543531018_1547419600,de,de,3.0,3.0
1536430135_1536233651,de,de,1.0,1.0
1596187158_1596247538,de,de,2.0,2.0
1609653000_1510839116,de,de,2.0,3.0
1490520025_1590939588,de,de,3.0,3.0
1512200102_1565757400,de,de,4.0,4.0
1589914433_1603121704,de,de,4.0,3.0
1624158349_1611314377,de,de,3.0,3.0
1519076881_1503464991,de,de,4.0,3.0
1606186634_1516188678,de,de,4.0,4.0
1531487853_1540941247,de,de,2.0,2.0
1628336565_1562120481,de,de,3.0,3.0
1635151932_1591955937,de,de,4.0,4.0
1606422369_1506684266,de,de,4.0,4.0
1561979519_1557111554,de,de,3.0,2.0
1583387177_1586254111,de,de,4.0,4.0
1495767688_1621348068,de,de,1.0,1.0
1552683472_1552115600,de,de,1.0,1.0
1645698851_1645518518,de,de,1.0,1.0
1557672782_1576703278,de,de,2.0,2.0
1597249394_1636317863,de,de,4.0,4.0
1591056402_1584840074,de,de,2.0,3.0
1533838523_1539338380,de,de,1.0,1.0
1573166606_1571474090,de,de,1.0,3.0
1508942427_1509014955,de,de,2.0,2.0
1599558921_1599223356,de,de,1.0,1.0
1624080513_1551454519,de,de,4.0,4.0
1544578330_1646142431,de,de,2.0,1.0
1631266818_1610452093,de,de,4.0,4.0
1494562256_1563347455,de,de,3.0,3.0
1605642194_1643790420,de,de,3.0,3.0
1504561505_1504509202,de,de,2.0,2.0
1608612021_1609228977,de,de,1.0,1.0
1625389355_1634984869,de,de,2.0,2.0
1615582629_1666325264,de,de,1.0,1.0
1602657540_1604288758,de,de,3.0,2.0
1620163546_1635312272,de,de,2.0,2.0
1493091585_1586585825,de,de,4.0,4.0
1489822363_1618795057,de,de,3.0,3.0
1617573148_1626488115,de,de,1.0,1.0
1539260932_1539846174,de,de,1.0,1.0
1548185881_1643398863,de,de,4.0,4.0
1490787986_1488944709,de,de,3.0,3.0
1592456803_1592027383,de,de,1.0,1.0
1570870190_1571624555,de,de,2.0,2.0
1596424840_1638029550,de,de,2.0,4.0
1647551835_1530505573,de,de,4.0,3.0
1597990498_1608469274,de,de,1.0,1.0
1602338576_1596250316,de,de,3.0,2.0
1527999848_1531413298,de,de,2.0,3.0
1514689325_1496759542,de,de,4.0,4.0
1571197478_1591069128,de,de,1.0,2.0
1514711068_1534885693,es,es,3.0,2.0
1526647383_1647886329,es,es,4.0,3.0
1605170975_1605130256,es,es,1.0,2.0
1515770445_1579105041,es,es,3.0,3.0
1618279819_1618524679,es,es,2.0,2.0
1544491241_1546152678,es,es,2.0,2.0
1578242932_1638309003,es,es,2.0,2.0
1632956860_1633413707,es,es,2.0,2.0
1538483472_1538613778,es,es,1.0,1.0
1545206486_1641763270,es,es,3.0,4.0
1624233771_1624508293,es,es,1.0,1.0
1561860646_1644057766,es,es,3.0,3.0
1596248983_1558277315,es,es,4.0,4.0
1574799849_1600635501,es,es,4.0,3.0
1551336909_1553501276,es,es,1.0,2.0
1560732787_1626378627,es,es,4.0,4.0
1625207611_1589893883,es,es,3.0,2.0
1535706786_1540733433,es,es,2.0,2.0
1570189368_1572707615,es,es,2.0,1.0
1630680700_1643764013,es,es,3.0,3.0
1619399628_1524417513,es,es,3.0,3.0
1495791012_1500215267,es,es,2.0,2.0
1567821535_1600159989,es,es,3.0,3.0
1571402402_1545766920,es,es,2.0,2.0
1584975739_1611185439,es,es,3.0,3.0
1553417681_1605872292,es,es,3.0,2.0
1514194385_1625116365,es,es,3.0,4.0
1629731781_1538953485,es,es,4.0,4.0
1583865819_1584058161,es,es,2.0,2.0
1646531006_1646520152,es,es,1.0,1.0
1637784972_1636396504,es,es,2.0,1.0
1500934049_1504174588,es,es,2.0,2.0
1588399038_1646217966,es,es,4.0,3.0
1638615403_1617261095,es,es,2.0,2.0
1608014096_1610037374,es,es,2.0,2.0
1606854951_1619648479,es,es,3.0,2.0
1550161382_1550296684,es,es,1.0,1.0
1616180777_1490943439,es,es,4.0,4.0
1534823144_1535401800,es,es,2.0,2.0
1620444850_1604119122,es,es,3.0,4.0
1595867565_1595985386,es,es,1.0,1.0
1567207371_1544294748,es,es,3.0,3.0
1583788869_1581158393,es,es,4.0,4.0
1611553875_1579430744,es,es,2.0,2.0
1620332957_1503501145,es,es,4.0,3.0
1608404766_1608181496,es,es,2.0,3.0
1604740692_1597597771,es,es,2.0,2.0
1611880275_1584893957,es,es,2.0,4.0
1609890211_1510785328,de,en,4.0,4.0
1569227449_1566531186,de,en,2.0,1.0
1615943273_1610177132,de,en,4.0,3.0
1557298024_1561233537,de,en,4.0,4.0
1608937018_1486926924,de,en,4.0,4.0
1569792647_1547884162,de,en,3.0,4.0
1537102350_1531416451,de,en,2.0,2.0
1607427987_1536561295,de,en,4.0,4.0
1593108703_1546957384,de,en,4.0,4.0
1634962001_1552215602,de,en,4.0,4.0
1586694908_1538515839,de,en,4.0,4.0
1535164797_1566209296,de,en,4.0,4.0
1634883928_1580632642,de,en,4.0,4.0
1610553693_1523643188,de,en,4.0,4.0
1600532018_1502932726,de,en,4.0,3.0
1584312944_1493596068,de,en,4.0,4.0
1551670462_1590856780,de,en,4.0,4.0
1538534520_1513611116,de,en,2.0,2.0
1643823609_1486926924,de,en,4.0,4.0
1597176936_1598914123,de,en,1.0,1.0
1600631445_1518793689,de,en,4.0,4.0
1492310874_1491560629,de,en,3.0,3.0
1580565390_1539822880,de,en,4.0,4.0
1556436504_1605499582,de,en,4.0,4.0
1500679397_1578187519,de,en,4.0,4.0
1565942536_1530167268,de,en,4.0,3.0
1592029317_1585948986,de,en,2.0,2.0
1605429954_1591825952,de,en,4.0,4.0
1487977115_1488650169,de,en,3.0,2.0
1537605470_1588888301,de,en,4.0,4.0
1597967423_1551387998,de,en,4.0,4.0
1578201571_1564470570,de,en,1.0,2.0
1599366105_1595684987,de,en,1.0,1.0
1543067650_1549010642,de,en,4.0,4.0
1591747382_1593268446,de,en,1.0,1.0
1622443827_1546342109,de,en,4.0,4.0
1614820527_1610206481,de,en,1.0,2.0
1599052263_1608027042,de,en,4.0,4.0
1489720801_1552040886,de,en,4.0,4.0
1546012672_1488866568,de,en,4.0,4.0
1561560052_1586492946,de,en,4.0,4.0
1510726910_1562428325,de,en,4.0,4.0
1522627775_1493192790,de,en,1.0,2.0
1594336868_1618352401,de,en,2.0,2.0
1637523366_1490355631,de,en,4.0,4.0
1568371318_1568234035,de,en,1.0,1.0
1622324344_1490289395,de,en,4.0,4.0
1539144175_1538442881,de,en,4.0,4.0
1541941370_1591825952,de,en,4.0,4.0
1676924516_1600923028,de,en,3.0,3.0
1533617619_1597892122,de,en,4.0,4.0
1581829129_1594483297,de,en,4.0,4.0
1526231093_1486926924,de,en,4.0,4.0
1552687315_1539910870,de,en,4.0,4.0
1585511516_1531663785,de,en,4.0,4.0
1493747957_1493565297,de,en,1.0,1.0
1499818624_1580219677,de,en,4.0,4.0
1515032112_1623228349,de,en,4.0,4.0
1576028546_1576166835,de,en,1.0,1.0
1548342404_1549318474,de,en,4.0,4.0
1577794877_1489576307,de,en,4.0,4.0
1549386060_1540491948,de,en,3.0,4.0
1488276980_1625647729,de,en,3.0,3.0
1504401498_1603619758,de,en,4.0,4.0
1511705966_1614019908,de,en,4.0,4.0
1630885514_1567144603,de,en,4.0,4.0
1577063329_1517971076,de,en,3.0,3.0
1567520073_1515319157,de,en,4.0,4.0
1529434379_1524859809,de,en,2.0,1.0
1544771383_1570704150,de,en,2.0,2.0
1490571475_1589105126,de,en,4.0,4.0
1641771173_1612408436,de,en,4.0,4.0
1547155939_1586290505,de,en,4.0,4.0
1572033318_1601320263,de,en,2.0,2.0
1564978602_1567056233,de,en,1.0,2.0
1495633885_1539433746,de,en,4.0,4.0
1579698233_1624748253,de,en,4.0,4.0
1531054027_1545221116,de,en,4.0,4.0
1498947588_1607129467,de,en,4.0,3.0
1554009908_1606217755,de,en,4.0,4.0
1567641704_1625273093,de,en,4.0,4.0
1617751443_1624610478,de,en,4.0,4.0
1555729372_1595926117,de,en,4.0,4.0
1509725568_1610423818,de,en,4.0,3.0
1645623438_1618355202,de,en,1.0,2.0
1572188756_1576513092,de,en,4.0,4.0
1645614473_1506062240,de,en,4.0,4.0
1633537494_1555970489,de,en,4.0,4.0
1611919568_1538480967,de,en,3.0,3.0
1513490725_1505420960,de,en,3.0,3.0
1623141680_1561078386,de,en,4.0,4.0
1489706058_1490091229,de,en,1.0,1.0
1587717348_1518001706,de,en,4.0,4.0
1497893761_1608027042,de,en,4.0,4.0
1502143640_1624225141,de,en,3.0,3.0
1587715330_1599194988,de,en,4.0,4.0
1494479107_1521205482,de,en,4.0,3.0
1551143992_1525855819,de,en,4.0,4.0
1559816441_1580083311,de,en,4.0,4.0
1633423728_1599773867,de,en,4.0,4.0
1572347563_1607348704,de,en,4.0,4.0
1628271894_1621012032,de,en,2.0,2.0
1626260724_1622863664,de,en,2.0,2.0
1557284949_1508869997,de,en,4.0,3.0
1535249735_1541630909,de,en,3.0,3.0
1590330821_1500859874,de,en,4.0,4.0
1554625335_1624807358,de,en,2.0,2.0
1578206244_1486926924,de,en,4.0,4.0
1549527190_1541401049,de,en,2.0,3.0
1508847854_1506821482,de,en,4.0,4.0
1538016714_1518001706,de,en,4.0,4.0
1584502433_1567896927,de,en,4.0,4.0
1635189217_1532654179,de,en,4.0,4.0
1620004833_1618174402,de,en,1.0,2.0
1495327206_1493994404,de,en,1.0,1.0
1603728153_1603684063,de,en,3.0,2.0
1550658493_1606318376,de,en,4.0,4.0
1601887920_1576621968,de,en,4.0,4.0
1531106689_1532709034,de,en,3.0,3.0
1597543211_1599798552,de,en,3.0,3.0
1521854716_1542406569,de,en,4.0,4.0
1491936025_1542562635,de,en,4.0,4.0
1578271076_1493040180,de,en,3.0,3.0
1508857061_1571136384,de,en,4.0,4.0
1573240795_1591852793,de,en,4.0,4.0
1496057196_1486394774,de,en,4.0,3.0
1502886651_1503454136,de,en,1.0,1.0
1576797779_1614749293,de,en,4.0,4.0
1533517849_1518170547,de,en,4.0,4.0
1512374200_1551387998,de,en,4.0,4.0
1600938999_1600353474,de,en,4.0,3.0
1518975797_1580885262,de,en,2.0,4.0
1532989359_1583393289,de,en,4.0,4.0
1651946406_1623975027,de,en,1.0,1.0
1517747216_1538019812,de,en,4.0,4.0
1552754172_1536013531,de,en,1.0,2.0
1541117333_1511681373,de,en,4.0,4.0
1520795541_1578730599,de,en,4.0,4.0
1630251415_1571846330,de,en,4.0,4.0
1499679723_1505702123,de,en,3.0,3.0
1571621202_1586037814,de,en,1.0,1.0
1595260108_1595666306,de,en,4.0,3.0
1586691598_1563590947,de,en,4.0,4.0
1561691827_1593138809,de,en,4.0,3.0
1612918885_1585312878,de,en,4.0,4.0
1524124287_1532368926,de,en,3.0,2.0
1579641901_1592821195,de,en,3.0,4.0
1560996421_1562094435,de,en,1.0,2.0
1561852862_1562321934,de,en,1.0,1.0
1514064204_1558394822,de,en,4.0,4.0
1609970516_1487013902,de,en,4.0,4.0
1595434873_1593318716,de,en,4.0,4.0
1544706772_1507607650,de,en,4.0,4.0
1588436122_1581918303,de,en,3.0,3.0
1538331127_1536387041,de,en,3.0,2.0
1514359249_1548607582,de,en,4.0,4.0
1636138607_1580538776,de,en,3.0,4.0
1647002260_1587682406,de,en,4.0,4.0
1589686234_1619254024,de,en,4.0,3.0
1592146104_1588888301,de,en,4.0,4.0
1571162913_1614373844,de,en,4.0,4.0
1566332262_1613765761,de,en,4.0,4.0
1549742595_1538095664,de,en,4.0,4.0
1641802072_1578304533,de,en,4.0,4.0
1581139112_1574774270,de,en,4.0,4.0
1568718702_1580219677,de,en,4.0,4.0
1513646375_1613441024,de,en,1.0,2.0
1587525479_1587939663,de,en,1.0,1.0
1645259953_1600749882,de,en,2.0,3.0
1606059053_1549463503,de,en,4.0,4.0
1485785666_1511205931,de,en,4.0,4.0
1589891499_1524538395,de,en,4.0,3.0
1557954353_1538913914,de,en,3.0,2.0
1630046784_1531910989,de,en,4.0,4.0
1612047549_1625736737,de,en,4.0,4.0
1502697321_1526337926,de,en,1.0,1.0
1560581342_1612693166,de,en,4.0,4.0
1615648663_1518754879,de,en,4.0,4.0
1497760968_1544781061,de,en,4.0,4.0
1570395503_1579816467,de,en,4.0,4.0
1562241439_1556141043,de,en,4.0,4.0
1546268288_1553947403,de,en,4.0,4.0
1604076607_1486926924,de,en,4.0,4.0
1537102350_1531416451,de,en,3.0,2.0
1593108703_1546957384,de,en,4.0,4.0
1586694908_1538515839,de,en,4.0,4.0
1634883928_1580632642,de,en,4.0,4.0
1600532018_1502932726,de,en,4.0,4.0
1600631445_1518793689,de,en,4.0,4.0
1573362720_1551387998,de,en,4.0,4.0
1565942536_1530167268,de,en,4.0,4.0
1487977115_1488650169,de,en,3.0,2.0
1629824889_1535736847,de,en,4.0,4.0
1622302231_1566209296,de,en,4.0,4.0
1585511516_1531663785,de,en,4.0,4.0
1493747957_1493565297,de,en,1.0,1.0
1576028546_1576166835,de,en,1.0,2.0
1548342404_1549318474,de,en,4.0,4.0
1511705966_1614019908,de,en,4.0,4.0
1577063329_1517971076,de,en,4.0,4.0
1544771383_1570704150,de,en,3.0,4.0
1498947588_1607129467,de,en,4.0,4.0
1555729372_1595926117,de,en,4.0,4.0
1578206244_1486926924,de,en,4.0,4.0
1562341697_1559764656,de,en,4.0,4.0
1647816019_1565778698,de,en,4.0,4.0
1587602995_1557734826,de,en,3.0,4.0
1502886651_1503454136,de,en,3.0,2.0
1600938999_1600353474,de,en,3.0,4.0
1517747216_1538019812,de,en,4.0,4.0
1552754172_1536013531,de,en,2.0,2.0
1520795541_1578730599,de,en,4.0,4.0
1595260108_1595666306,de,en,4.0,3.0
1561691827_1593138809,de,en,4.0,4.0
1524124287_1532368926,de,en,3.0,3.0
1626434734_1603031324,de,en,4.0,4.0
1509184032_1551387998,de,en,4.0,4.0
1617840134_1613073176,de,en,4.0,4.0
1568718702_1580219677,de,en,4.0,4.0
1513646375_1613441024,de,en,2.0,2.0
1645259953_1600749882,de,en,3.0,4.0
1570487307_1560406067,de,en,3.0,2.0
1626170156_1623571850,de,en,2.0,4.0
1603117441_1513611116,de,en,3.0,4.0
1583703774_1519143497,de,en,4.0,4.0
1494379442_1493969076,de,en,1.0,1.0
1611733117_1612084103,de,en,1.0,1.0
1494461097_1591992404,de,en,4.0,4.0
1505101124_1614412555,de,en,4.0,4.0
1630731156_1590806338,de,en,4.0,4.0
1608907756_1609624649,de,en,2.0,1.0
1644163098_1588153670,de,en,4.0,4.0
1493449426_1517497084,de,en,4.0,4.0
1493309358_1494072319,de,en,3.0,4.0
1600742183_1546623561,de,en,4.0,3.0
1528606214_1529283667,de,en,2.0,3.0
1588751124_1584322411,de,en,2.0,2.0
1527915592_1577307677,de,en,1.0,1.0
1564224739_1593637282,de,en,3.0,4.0
1542173988_1541980157,de,en,3.0,2.0
1600851050_1600684276,de,en,3.0,4.0
1517789110_1543333097,de,en,2.0,1.0
1589996312_1569270080,de,en,4.0,3.0
1525247118_1514507297,de,en,4.0,4.0
1586477955_1611717783,de,en,4.0,4.0
1556488279_1573093212,de,en,2.0,2.0
1537151489_1535308289,de,en,4.0,4.0
1488376932_1484987303,de,en,2.0,2.0
1569065538_1593082853,de,en,4.0,4.0
1550297856_1546990740,de,en,4.0,3.0
1577317818_1624745246,de,en,4.0,4.0
1619267103_1603524066,de,en,1.0,2.0
1513379894_1627736004,de,en,4.0,4.0
1578537473_1610245942,de,en,4.0,4.0
1486226864_1487023738,de,en,3.0,2.0
1630003573_1494136177,de,en,4.0,4.0
1536185431_1615347966,de,en,4.0,3.0
1537120078_1537421133,de,en,2.0,1.0
1578769160_1610122696,de,en,4.0,4.0
1560526190_1567105385,de,en,1.0,3.0
1584342988_1510325864,de,en,4.0,4.0
1561662853_1565553296,de,en,2.0,3.0
1539020478_1581727835,de,en,4.0,4.0
1541300586_1519105715,de,en,2.0,2.0
1578918538_1615364836,de,en,3.0,3.0
1624096801_1523075513,de,en,4.0,4.0
1538029905_1541656967,de,en,2.0,2.0
1535139773_1542363725,de,en,2.0,3.0
1496313564_1510403737,de,en,4.0,4.0
1506697301_1539030366,de,en,2.0,3.0
1565225478_1563736301,de,en,2.0,2.0
1566550198_1572511719,de,en,4.0,3.0
1500066578_1500788089,de,en,1.0,1.0
1484944643_1545384998,de,en,4.0,3.0
1508259297_1489650115,de,en,4.0,4.0
1625209959_1626341765,de,en,1.0,1.0
1624367644_1626912463,de,en,4.0,4.0
1576660561_1576363463,de,en,1.0,1.0
1509836857_1617149116,de,en,4.0,4.0
1484616884_1598216605,de,en,4.0,4.0
1614716894_1510007629,de,en,4.0,4.0
1540318713_1540371897,de,en,1.0,1.0
1509954220_1627742229,de,en,4.0,4.0
1629471408_1628286526,de,en,1.0,1.0
1569972776_1504746018,de,en,4.0,4.0
1542687245_1567407417,de,en,2.0,3.0
1522506469_1628677737,de,en,3.0,4.0
1587887090_1587716075,de,en,1.0,2.0
1494120184_1603050625,de,en,4.0,4.0
1577179850_1560405707,de,en,2.0,3.0
1567236769_1566552171,de,en,1.0,1.0
1620311170_1562130137,de,en,4.0,4.0
1553672649_1490350337,de,en,4.0,4.0
1569955821_1551889609,de,en,3.0,4.0
1543209558_1521667513,de,en,2.0,2.0
1493368572_1490871159,de,en,4.0,2.0
1646424559_1613944821,de,en,4.0,4.0
1528330812_1514040323,de,en,1.0,3.0
1583712749_1496009684,de,en,3.0,4.0
1583572433_1485394006,de,en,4.0,4.0
1515567874_1514227906,de,en,1.0,1.0
1532683018_1607699620,de,en,2.0,3.0
1535948277_1536063113,de,en,1.0,1.0
1609947165_1581786243,de,en,4.0,2.0
1607258874_1485540371,de,en,4.0,4.0
1557727369_1550432724,de,en,4.0,3.0
1487692374_1498348908,de,en,3.0,4.0
1513847991_1514298232,de,en,1.0,1.0
1562038681_1567751006,de,en,1.0,1.0
1563000887_1572296688,de,en,4.0,4.0
1629207142_1629056067,de,en,1.0,1.0
1599832917_1575640772,de,en,3.0,3.0
1519804435_1524580603,de,en,2.0,3.0
1594084400_1541642004,de,en,3.0,3.0
1505507190_1492783358,de,en,3.0,2.0
1578829469_1544996139,de,en,4.0,4.0
1615612391_1580065559,de,en,3.0,2.0
1589441994_1625151407,ar,ar,1.0,1.0
1518565447_1514797237,ar,ar,2.0,1.0
1558608489_1644588811,ar,ar,1.0,1.0
1576459261_1489698356,ar,ar,4.0,4.0
1611416534_1611962646,ar,ar,4.0,4.0
1611249693_1628389320,ar,ar,2.0,1.0
1571946747_1505886916,ar,ar,4.0,4.0
1578481641_1569376310,ar,ar,2.0,1.0
1538556075_1538566306,ar,ar,1.0,1.0
1573899855_1568824749,ar,ar,2.0,1.0
1607459261_1552807782,ar,ar,3.0,1.0
1617812519_1618315604,ar,ar,1.0,1.0
1591817168_1556633451,ar,ar,3.0,3.0
1577216090_1577267316,ar,ar,2.0,1.0
1531588452_1595762182,ar,ar,4.0,3.0
1519888415_1495592121,ar,ar,2.0,1.0
1612405798_1583064056,ar,ar,3.0,3.0
1492807268_1494015059,fr,fr,1.0,1.0
1500393390_1496713341,fr,fr,3.0,2.0
1531382969_1636197068,fr,fr,4.0,4.0
1582434965_1557794036,fr,fr,2.0,2.0
1529968247_1590769424,fr,fr,4.0,4.0
1588212403_1579184460,fr,fr,2.0,1.0
1558754269_1556308587,fr,fr,4.0,3.0
1630466377_1618279913,fr,fr,4.0,3.0
1632221380_1604143461,fr,fr,4.0,4.0
1536341159_1562397218,fr,fr,2.0,3.0
1538183125_1572470559,pl,pl,4.0,4.0
1603489881_1603429413,pl,pl,1.0,1.0
1502416604_1502239005,pl,pl,1.0,1.0
1488797065_1491192192,pl,pl,1.0,1.0
1543614022_1543097573,pl,pl,1.0,1.0
1591363705_1591175369,pl,pl,1.0,1.0
1513408499_1563008980,pl,pl,4.0,4.0
1610573128_1608989040,pl,pl,2.0,2.0
1641810350_1524325625,pl,pl,3.0,3.0
1513485220_1597478878,pl,pl,4.0,4.0
1643621466_1599727013,pl,pl,2.0,2.0
1556639256_1557176411,pl,pl,2.0,2.0
1540950161_1540973725,pl,pl,2.0,2.0
1508931979_1508883079,pl,pl,2.0,1.0
1632995014_1635259693,pl,pl,2.0,1.0
1562368337_1563216958,pl,pl,1.0,1.0
1633776528_1604407932,pl,pl,3.0,3.0
1563183856_1569479361,pl,pl,3.0,3.0
1511305497_1511609241,pl,pl,1.0,1.0
1556585555_1556663958,pl,pl,1.0,1.0
1504296220_1504435143,pl,pl,2.0,3.0
1636744651_1637483320,tr,tr,1.0,1.0
1520046014_1833783163,tr,tr,4.0,4.0
1563017115_1603075794,tr,tr,4.0,3.0
1580732889_1580714720,tr,tr,1.0,1.0
1645890361_1646293198,tr,tr,1.0,1.0
1512625538_1510280077,tr,tr,2.0,2.0
1626436173_1626392170,tr,tr,1.0,1.0
